filename,shot_type,split,video_path,is_error,error_group
cut_test_001.avi,cut,test,data\dataset_v7_clean\test\cut\cut_test_001.avi,0,GOOD
cut_test_002.avi,cut,test,data\dataset_v7_clean\test\cut\cut_test_002.avi,0,GOOD
cut_test_003.avi,cut,test,data\dataset_v7_clean\test\cut\cut_test_003.avi,0,GOOD
cut_test_004.avi,cut,test,data\dataset_v7_clean\test\cut\cut_test_004.avi,0,GOOD
cut_test_005.avi,cut,test,data\dataset_v7_clean\test\cut\cut_test_005.avi,0,GOOD
cut_test_006.avi,cut,test,data\dataset_v7_clean\test\cut\cut_test_006.avi,0,GOOD
cut_test_007.avi,cut,test,data\dataset_v7_clean\test\cut\cut_test_007.avi,0,GOOD
cut_test_008.avi,cut,test,data\dataset_v7_clean\test\cut\cut_test_008.avi,0,GOOD
cut_test_009.avi,cut,test,data\dataset_v7_clean\test\cut\cut_test_009.avi,0,GOOD
cut_test_010.avi,cut,test,data\dataset_v7_clean\test\cut\cut_test_010.avi,0,GOOD
cut_test_011.avi,cut,test,data\dataset_v7_clean\test\cut\cut_test_011.avi,0,GOOD
cut_test_012.mp4,cut,test,data\dataset_v7_clean\test\cut\cut_test_012.mp4,0,GOOD
cut_test_013.avi,cut,test,data\dataset_v7_clean\test\cut\cut_test_013.avi,0,GOOD
cut_test_014.avi,cut,test,data\dataset_v7_clean\test\cut\cut_test_014.avi,0,GOOD
cut_test_015.mp4,cut,test,data\dataset_v7_clean\test\cut\cut_test_015.mp4,0,GOOD
cut_test_016.avi,cut,test,data\dataset_v7_clean\test\cut\cut_test_016.avi,0,GOOD
cut_test_017.avi,cut,test,data\dataset_v7_clean\test\cut\cut_test_017.avi,0,GOOD
cut_test_018.avi,cut,test,data\dataset_v7_clean\test\cut\cut_test_018.avi,0,GOOD
cut_test_019.avi,cut,test,data\dataset_v7_clean\test\cut\cut_test_019.avi,0,GOOD
cut_test_020.avi,cut,test,data\dataset_v7_clean\test\cut\cut_test_020.avi,0,GOOD
cut_test_021.avi,cut,test,data\dataset_v7_clean\test\cut\cut_test_021.avi,0,GOOD
cut_test_022.mp4,cut,test,data\dataset_v7_clean\test\cut\cut_test_022.mp4,0,GOOD
cut_test_023.avi,cut,test,data\dataset_v7_clean\test\cut\cut_test_023.avi,0,GOOD
cut_test_024.avi,cut,test,data\dataset_v7_clean\test\cut\cut_test_024.avi,0,GOOD
cut_test_025.avi,cut,test,data\dataset_v7_clean\test\cut\cut_test_025.avi,0,GOOD
cut_test_026.avi,cut,test,data\dataset_v7_clean\test\cut\cut_test_026.avi,0,GOOD
cut_test_027.avi,cut,test,data\dataset_v7_clean\test\cut\cut_test_027.avi,0,GOOD
cut_test_028.avi,cut,test,data\dataset_v7_clean\test\cut\cut_test_028.avi,0,GOOD
cut_test_029.avi,cut,test,data\dataset_v7_clean\test\cut\cut_test_029.avi,0,GOOD
cut_test_030.mp4,cut,test,data\dataset_v7_clean\test\cut\cut_test_030.mp4,0,GOOD
cut_test_031.avi,cut,test,data\dataset_v7_clean\test\cut\cut_test_031.avi,0,GOOD
cut_test_032.avi,cut,test,data\dataset_v7_clean\test\cut\cut_test_032.avi,0,GOOD
cut_test_033.mp4,cut,test,data\dataset_v7_clean\test\cut\cut_test_033.mp4,0,GOOD
cut_test_034.avi,cut,test,data\dataset_v7_clean\test\cut\cut_test_034.avi,0,GOOD
cut_test_035.avi,cut,test,data\dataset_v7_clean\test\cut\cut_test_035.avi,0,GOOD
cut_test_036.avi,cut,test,data\dataset_v7_clean\test\cut\cut_test_036.avi,0,GOOD
cut_test_037.avi,cut,test,data\dataset_v7_clean\test\cut\cut_test_037.avi,0,GOOD
cut_test_038.mp4,cut,test,data\dataset_v7_clean\test\cut\cut_test_038.mp4,0,GOOD
cut_test_039.avi,cut,test,data\dataset_v7_clean\test\cut\cut_test_039.avi,0,GOOD
cut_test_040.avi,cut,test,data\dataset_v7_clean\test\cut\cut_test_040.avi,0,GOOD
cut_test_041.avi,cut,test,data\dataset_v7_clean\test\cut\cut_test_041.avi,0,GOOD
cut_test_042.avi,cut,test,data\dataset_v7_clean\test\cut\cut_test_042.avi,0,GOOD
cut_test_043.avi,cut,test,data\dataset_v7_clean\test\cut\cut_test_043.avi,0,GOOD
cut_test_044.avi,cut,test,data\dataset_v7_clean\test\cut\cut_test_044.avi,0,GOOD
cut_test_045.mp4,cut,test,data\dataset_v7_clean\test\cut\cut_test_045.mp4,0,GOOD
cut_test_046.avi,cut,test,data\dataset_v7_clean\test\cut\cut_test_046.avi,0,GOOD
cut_test_047.avi,cut,test,data\dataset_v7_clean\test\cut\cut_test_047.avi,0,GOOD
cut_test_048.avi,cut,test,data\dataset_v7_clean\test\cut\cut_test_048.avi,0,GOOD
cut_test_049.mp4,cut,test,data\dataset_v7_clean\test\cut\cut_test_049.mp4,0,GOOD
cut_test_050.avi,cut,test,data\dataset_v7_clean\test\cut\cut_test_050.avi,0,GOOD
cut_test_051.avi,cut,test,data\dataset_v7_clean\test\cut\cut_test_051.avi,0,GOOD
cut_test_052.avi,cut,test,data\dataset_v7_clean\test\cut\cut_test_052.avi,0,GOOD
cut_test_053.mp4,cut,test,data\dataset_v7_clean\test\cut\cut_test_053.mp4,0,GOOD
cut_test_054.avi,cut,test,data\dataset_v7_clean\test\cut\cut_test_054.avi,0,GOOD
cut_test_055.avi,cut,test,data\dataset_v7_clean\test\cut\cut_test_055.avi,0,GOOD
cut_test_056.avi,cut,test,data\dataset_v7_clean\test\cut\cut_test_056.avi,0,GOOD
cut_test_057.avi,cut,test,data\dataset_v7_clean\test\cut\cut_test_057.avi,0,GOOD
cut_test_058.avi,cut,test,data\dataset_v7_clean\test\cut\cut_test_058.avi,0,GOOD
cut_test_059.mp4,cut,test,data\dataset_v7_clean\test\cut\cut_test_059.mp4,0,GOOD
cut_test_060.avi,cut,test,data\dataset_v7_clean\test\cut\cut_test_060.avi,0,GOOD
cut_train_001.avi,cut,train,data\dataset_v7_clean\train\cut\cut_train_001.avi,0,GOOD
cut_train_002.avi,cut,train,data\dataset_v7_clean\train\cut\cut_train_002.avi,0,GOOD
cut_train_003.mp4,cut,train,data\dataset_v7_clean\train\cut\cut_train_003.mp4,0,GOOD
cut_train_004.avi,cut,train,data\dataset_v7_clean\train\cut\cut_train_004.avi,0,GOOD
cut_train_005.avi,cut,train,data\dataset_v7_clean\train\cut\cut_train_005.avi,0,GOOD
cut_train_006.avi,cut,train,data\dataset_v7_clean\train\cut\cut_train_006.avi,0,GOOD
cut_train_007.avi,cut,train,data\dataset_v7_clean\train\cut\cut_train_007.avi,0,GOOD
cut_train_008.avi,cut,train,data\dataset_v7_clean\train\cut\cut_train_008.avi,0,GOOD
cut_train_009.avi,cut,train,data\dataset_v7_clean\train\cut\cut_train_009.avi,0,GOOD
cut_train_010.mp4,cut,train,data\dataset_v7_clean\train\cut\cut_train_010.mp4,0,GOOD
cut_train_011.avi,cut,train,data\dataset_v7_clean\train\cut\cut_train_011.avi,0,GOOD
cut_train_012.avi,cut,train,data\dataset_v7_clean\train\cut\cut_train_012.avi,0,GOOD
cut_train_013.avi,cut,train,data\dataset_v7_clean\train\cut\cut_train_013.avi,0,GOOD
cut_train_014.avi,cut,train,data\dataset_v7_clean\train\cut\cut_train_014.avi,0,GOOD
cut_train_015.avi,cut,train,data\dataset_v7_clean\train\cut\cut_train_015.avi,0,GOOD
cut_train_016.avi,cut,train,data\dataset_v7_clean\train\cut\cut_train_016.avi,0,GOOD
cut_train_017.avi,cut,train,data\dataset_v7_clean\train\cut\cut_train_017.avi,0,GOOD
cut_train_018.mp4,cut,train,data\dataset_v7_clean\train\cut\cut_train_018.mp4,0,GOOD
cut_train_019.avi,cut,train,data\dataset_v7_clean\train\cut\cut_train_019.avi,0,GOOD
cut_train_020.avi,cut,train,data\dataset_v7_clean\train\cut\cut_train_020.avi,0,GOOD
cut_train_021.avi,cut,train,data\dataset_v7_clean\train\cut\cut_train_021.avi,0,GOOD
cut_train_022.mp4,cut,train,data\dataset_v7_clean\train\cut\cut_train_022.mp4,0,GOOD
cut_train_023.avi,cut,train,data\dataset_v7_clean\train\cut\cut_train_023.avi,0,GOOD
cut_train_024.avi,cut,train,data\dataset_v7_clean\train\cut\cut_train_024.avi,0,GOOD
cut_train_025.avi,cut,train,data\dataset_v7_clean\train\cut\cut_train_025.avi,0,GOOD
cut_train_026.avi,cut,train,data\dataset_v7_clean\train\cut\cut_train_026.avi,0,GOOD
cut_train_027.avi,cut,train,data\dataset_v7_clean\train\cut\cut_train_027.avi,0,GOOD
cut_train_028.mp4,cut,train,data\dataset_v7_clean\train\cut\cut_train_028.mp4,0,GOOD
cut_train_029.avi,cut,train,data\dataset_v7_clean\train\cut\cut_train_029.avi,0,GOOD
cut_train_030.avi,cut,train,data\dataset_v7_clean\train\cut\cut_train_030.avi,0,GOOD
cut_train_031.avi,cut,train,data\dataset_v7_clean\train\cut\cut_train_031.avi,0,GOOD
cut_train_032.mp4,cut,train,data\dataset_v7_clean\train\cut\cut_train_032.mp4,0,GOOD
cut_train_033.avi,cut,train,data\dataset_v7_clean\train\cut\cut_train_033.avi,0,GOOD
cut_train_034.mp4,cut,train,data\dataset_v7_clean\train\cut\cut_train_034.mp4,0,GOOD
cut_train_035.avi,cut,train,data\dataset_v7_clean\train\cut\cut_train_035.avi,0,GOOD
cut_train_036.avi,cut,train,data\dataset_v7_clean\train\cut\cut_train_036.avi,0,GOOD
cut_train_037.avi,cut,train,data\dataset_v7_clean\train\cut\cut_train_037.avi,0,GOOD
cut_train_038.avi,cut,train,data\dataset_v7_clean\train\cut\cut_train_038.avi,0,GOOD
cut_train_039.avi,cut,train,data\dataset_v7_clean\train\cut\cut_train_039.avi,0,GOOD
cut_train_040.avi,cut,train,data\dataset_v7_clean\train\cut\cut_train_040.avi,0,GOOD
cut_train_041.avi,cut,train,data\dataset_v7_clean\train\cut\cut_train_041.avi,0,GOOD
cut_train_042.avi,cut,train,data\dataset_v7_clean\train\cut\cut_train_042.avi,0,GOOD
cut_train_043.avi,cut,train,data\dataset_v7_clean\train\cut\cut_train_043.avi,0,GOOD
cut_train_044.avi,cut,train,data\dataset_v7_clean\train\cut\cut_train_044.avi,0,GOOD
cut_train_045.avi,cut,train,data\dataset_v7_clean\train\cut\cut_train_045.avi,0,GOOD
cut_train_046.avi,cut,train,data\dataset_v7_clean\train\cut\cut_train_046.avi,0,GOOD
cut_train_047.avi,cut,train,data\dataset_v7_clean\train\cut\cut_train_047.avi,0,GOOD
cut_train_048.mp4,cut,train,data\dataset_v7_clean\train\cut\cut_train_048.mp4,0,GOOD
cut_train_049.mp4,cut,train,data\dataset_v7_clean\train\cut\cut_train_049.mp4,0,GOOD
cut_train_050.mp4,cut,train,data\dataset_v7_clean\train\cut\cut_train_050.mp4,0,GOOD
cut_train_051.avi,cut,train,data\dataset_v7_clean\train\cut\cut_train_051.avi,0,GOOD
cut_train_052.avi,cut,train,data\dataset_v7_clean\train\cut\cut_train_052.avi,0,GOOD
cut_train_053.avi,cut,train,data\dataset_v7_clean\train\cut\cut_train_053.avi,0,GOOD
cut_train_054.avi,cut,train,data\dataset_v7_clean\train\cut\cut_train_054.avi,0,GOOD
cut_train_055.avi,cut,train,data\dataset_v7_clean\train\cut\cut_train_055.avi,0,GOOD
cut_train_056.avi,cut,train,data\dataset_v7_clean\train\cut\cut_train_056.avi,0,GOOD
cut_train_057.mp4,cut,train,data\dataset_v7_clean\train\cut\cut_train_057.mp4,0,GOOD
cut_train_058.avi,cut,train,data\dataset_v7_clean\train\cut\cut_train_058.avi,0,GOOD
cut_train_059.avi,cut,train,data\dataset_v7_clean\train\cut\cut_train_059.avi,0,GOOD
cut_train_060.avi,cut,train,data\dataset_v7_clean\train\cut\cut_train_060.avi,0,GOOD
cut_train_061.avi,cut,train,data\dataset_v7_clean\train\cut\cut_train_061.avi,0,GOOD
cut_train_062.avi,cut,train,data\dataset_v7_clean\train\cut\cut_train_062.avi,0,GOOD
cut_train_063.avi,cut,train,data\dataset_v7_clean\train\cut\cut_train_063.avi,0,GOOD
cut_train_064.mp4,cut,train,data\dataset_v7_clean\train\cut\cut_train_064.mp4,0,GOOD
cut_train_065.mp4,cut,train,data\dataset_v7_clean\train\cut\cut_train_065.mp4,0,GOOD
cut_train_066.avi,cut,train,data\dataset_v7_clean\train\cut\cut_train_066.avi,0,GOOD
cut_train_067.avi,cut,train,data\dataset_v7_clean\train\cut\cut_train_067.avi,0,GOOD
cut_train_068.avi,cut,train,data\dataset_v7_clean\train\cut\cut_train_068.avi,0,GOOD
cut_train_069.avi,cut,train,data\dataset_v7_clean\train\cut\cut_train_069.avi,0,GOOD
cut_train_070.avi,cut,train,data\dataset_v7_clean\train\cut\cut_train_070.avi,0,GOOD
cut_train_071.mp4,cut,train,data\dataset_v7_clean\train\cut\cut_train_071.mp4,0,GOOD
cut_train_072.avi,cut,train,data\dataset_v7_clean\train\cut\cut_train_072.avi,0,GOOD
cut_train_073.avi,cut,train,data\dataset_v7_clean\train\cut\cut_train_073.avi,0,GOOD
cut_train_074.avi,cut,train,data\dataset_v7_clean\train\cut\cut_train_074.avi,0,GOOD
cut_train_075.avi,cut,train,data\dataset_v7_clean\train\cut\cut_train_075.avi,0,GOOD
cut_train_076.avi,cut,train,data\dataset_v7_clean\train\cut\cut_train_076.avi,0,GOOD
cut_train_077.avi,cut,train,data\dataset_v7_clean\train\cut\cut_train_077.avi,0,GOOD
cut_train_078.avi,cut,train,data\dataset_v7_clean\train\cut\cut_train_078.avi,0,GOOD
cut_train_079.mp4,cut,train,data\dataset_v7_clean\train\cut\cut_train_079.mp4,0,GOOD
cut_train_080.avi,cut,train,data\dataset_v7_clean\train\cut\cut_train_080.avi,0,GOOD
cut_train_081.avi,cut,train,data\dataset_v7_clean\train\cut\cut_train_081.avi,0,GOOD
cut_train_082.mp4,cut,train,data\dataset_v7_clean\train\cut\cut_train_082.mp4,0,GOOD
cut_train_083.avi,cut,train,data\dataset_v7_clean\train\cut\cut_train_083.avi,0,GOOD
cut_train_084.avi,cut,train,data\dataset_v7_clean\train\cut\cut_train_084.avi,0,GOOD
cut_train_085.avi,cut,train,data\dataset_v7_clean\train\cut\cut_train_085.avi,0,GOOD
cut_train_086.avi,cut,train,data\dataset_v7_clean\train\cut\cut_train_086.avi,0,GOOD
cut_train_087.avi,cut,train,data\dataset_v7_clean\train\cut\cut_train_087.avi,0,GOOD
cut_train_088.avi,cut,train,data\dataset_v7_clean\train\cut\cut_train_088.avi,0,GOOD
cut_train_089.avi,cut,train,data\dataset_v7_clean\train\cut\cut_train_089.avi,0,GOOD
cut_train_090.avi,cut,train,data\dataset_v7_clean\train\cut\cut_train_090.avi,0,GOOD
cut_train_091.avi,cut,train,data\dataset_v7_clean\train\cut\cut_train_091.avi,0,GOOD
cut_train_092.mp4,cut,train,data\dataset_v7_clean\train\cut\cut_train_092.mp4,0,GOOD
cut_train_093.avi,cut,train,data\dataset_v7_clean\train\cut\cut_train_093.avi,0,GOOD
cut_train_094.avi,cut,train,data\dataset_v7_clean\train\cut\cut_train_094.avi,0,GOOD
cut_train_095.avi,cut,train,data\dataset_v7_clean\train\cut\cut_train_095.avi,0,GOOD
cut_train_096.avi,cut,train,data\dataset_v7_clean\train\cut\cut_train_096.avi,0,GOOD
cut_train_097.avi,cut,train,data\dataset_v7_clean\train\cut\cut_train_097.avi,0,GOOD
cut_train_098.avi,cut,train,data\dataset_v7_clean\train\cut\cut_train_098.avi,0,GOOD
cut_train_099.avi,cut,train,data\dataset_v7_clean\train\cut\cut_train_099.avi,0,GOOD
cut_train_100.avi,cut,train,data\dataset_v7_clean\train\cut\cut_train_100.avi,0,GOOD
cut_train_101.avi,cut,train,data\dataset_v7_clean\train\cut\cut_train_101.avi,0,GOOD
cut_train_102.avi,cut,train,data\dataset_v7_clean\train\cut\cut_train_102.avi,0,GOOD
cut_train_103.mp4,cut,train,data\dataset_v7_clean\train\cut\cut_train_103.mp4,0,GOOD
cut_train_104.avi,cut,train,data\dataset_v7_clean\train\cut\cut_train_104.avi,0,GOOD
cut_train_105.mp4,cut,train,data\dataset_v7_clean\train\cut\cut_train_105.mp4,0,GOOD
cut_train_106.mp4,cut,train,data\dataset_v7_clean\train\cut\cut_train_106.mp4,0,GOOD
cut_train_107.avi,cut,train,data\dataset_v7_clean\train\cut\cut_train_107.avi,0,GOOD
cut_train_108.avi,cut,train,data\dataset_v7_clean\train\cut\cut_train_108.avi,0,GOOD
cut_train_109.avi,cut,train,data\dataset_v7_clean\train\cut\cut_train_109.avi,0,GOOD
cut_train_110.avi,cut,train,data\dataset_v7_clean\train\cut\cut_train_110.avi,0,GOOD
cut_train_111.avi,cut,train,data\dataset_v7_clean\train\cut\cut_train_111.avi,0,GOOD
cut_train_112.avi,cut,train,data\dataset_v7_clean\train\cut\cut_train_112.avi,0,GOOD
cut_train_113.avi,cut,train,data\dataset_v7_clean\train\cut\cut_train_113.avi,0,GOOD
cut_train_114.avi,cut,train,data\dataset_v7_clean\train\cut\cut_train_114.avi,0,GOOD
cut_train_115.avi,cut,train,data\dataset_v7_clean\train\cut\cut_train_115.avi,0,GOOD
cut_train_116.avi,cut,train,data\dataset_v7_clean\train\cut\cut_train_116.avi,0,GOOD
cut_train_117.mp4,cut,train,data\dataset_v7_clean\train\cut\cut_train_117.mp4,0,GOOD
cut_train_118.avi,cut,train,data\dataset_v7_clean\train\cut\cut_train_118.avi,0,GOOD
cut_train_119.avi,cut,train,data\dataset_v7_clean\train\cut\cut_train_119.avi,0,GOOD
cut_train_120.avi,cut,train,data\dataset_v7_clean\train\cut\cut_train_120.avi,0,GOOD
cut_train_121.avi,cut,train,data\dataset_v7_clean\train\cut\cut_train_121.avi,0,GOOD
cut_train_122.avi,cut,train,data\dataset_v7_clean\train\cut\cut_train_122.avi,0,GOOD
cut_train_123.avi,cut,train,data\dataset_v7_clean\train\cut\cut_train_123.avi,0,GOOD
cut_train_124.avi,cut,train,data\dataset_v7_clean\train\cut\cut_train_124.avi,0,GOOD
cut_train_125.avi,cut,train,data\dataset_v7_clean\train\cut\cut_train_125.avi,0,GOOD
cut_train_126.avi,cut,train,data\dataset_v7_clean\train\cut\cut_train_126.avi,0,GOOD
cut_train_127.avi,cut,train,data\dataset_v7_clean\train\cut\cut_train_127.avi,0,GOOD
cut_train_128.avi,cut,train,data\dataset_v7_clean\train\cut\cut_train_128.avi,0,GOOD
cut_train_129.avi,cut,train,data\dataset_v7_clean\train\cut\cut_train_129.avi,0,GOOD
cut_train_130.avi,cut,train,data\dataset_v7_clean\train\cut\cut_train_130.avi,0,GOOD
cut_train_131.mp4,cut,train,data\dataset_v7_clean\train\cut\cut_train_131.mp4,0,GOOD
cut_train_132.avi,cut,train,data\dataset_v7_clean\train\cut\cut_train_132.avi,0,GOOD
cut_train_133.avi,cut,train,data\dataset_v7_clean\train\cut\cut_train_133.avi,0,GOOD
cut_train_134.avi,cut,train,data\dataset_v7_clean\train\cut\cut_train_134.avi,0,GOOD
cut_train_135.avi,cut,train,data\dataset_v7_clean\train\cut\cut_train_135.avi,0,GOOD
cut_train_136.avi,cut,train,data\dataset_v7_clean\train\cut\cut_train_136.avi,0,GOOD
cut_train_137.avi,cut,train,data\dataset_v7_clean\train\cut\cut_train_137.avi,0,GOOD
cut_train_138.avi,cut,train,data\dataset_v7_clean\train\cut\cut_train_138.avi,0,GOOD
cut_train_139.avi,cut,train,data\dataset_v7_clean\train\cut\cut_train_139.avi,0,GOOD
cut_train_140.avi,cut,train,data\dataset_v7_clean\train\cut\cut_train_140.avi,0,GOOD
cut_train_141.avi,cut,train,data\dataset_v7_clean\train\cut\cut_train_141.avi,0,GOOD
cut_train_142.avi,cut,train,data\dataset_v7_clean\train\cut\cut_train_142.avi,0,GOOD
cut_train_143.avi,cut,train,data\dataset_v7_clean\train\cut\cut_train_143.avi,0,GOOD
cut_train_144.avi,cut,train,data\dataset_v7_clean\train\cut\cut_train_144.avi,0,GOOD
cut_train_145.avi,cut,train,data\dataset_v7_clean\train\cut\cut_train_145.avi,0,GOOD
cut_train_146.avi,cut,train,data\dataset_v7_clean\train\cut\cut_train_146.avi,0,GOOD
cut_train_147.mp4,cut,train,data\dataset_v7_clean\train\cut\cut_train_147.mp4,0,GOOD
cut_train_148.avi,cut,train,data\dataset_v7_clean\train\cut\cut_train_148.avi,0,GOOD
cut_train_149.avi,cut,train,data\dataset_v7_clean\train\cut\cut_train_149.avi,0,GOOD
cut_train_150.avi,cut,train,data\dataset_v7_clean\train\cut\cut_train_150.avi,0,GOOD
cut_train_151.avi,cut,train,data\dataset_v7_clean\train\cut\cut_train_151.avi,0,GOOD
cut_train_152.avi,cut,train,data\dataset_v7_clean\train\cut\cut_train_152.avi,0,GOOD
cut_train_153.avi,cut,train,data\dataset_v7_clean\train\cut\cut_train_153.avi,0,GOOD
cut_train_154.avi,cut,train,data\dataset_v7_clean\train\cut\cut_train_154.avi,0,GOOD
cut_train_155.avi,cut,train,data\dataset_v7_clean\train\cut\cut_train_155.avi,0,GOOD
cut_train_156.avi,cut,train,data\dataset_v7_clean\train\cut\cut_train_156.avi,0,GOOD
cut_train_157.avi,cut,train,data\dataset_v7_clean\train\cut\cut_train_157.avi,0,GOOD
cut_train_158.mp4,cut,train,data\dataset_v7_clean\train\cut\cut_train_158.mp4,0,GOOD
cut_train_159.avi,cut,train,data\dataset_v7_clean\train\cut\cut_train_159.avi,0,GOOD
cut_train_160.avi,cut,train,data\dataset_v7_clean\train\cut\cut_train_160.avi,0,GOOD
cut_train_161.avi,cut,train,data\dataset_v7_clean\train\cut\cut_train_161.avi,0,GOOD
cut_train_162.avi,cut,train,data\dataset_v7_clean\train\cut\cut_train_162.avi,0,GOOD
cut_train_163.avi,cut,train,data\dataset_v7_clean\train\cut\cut_train_163.avi,0,GOOD
cut_train_164.avi,cut,train,data\dataset_v7_clean\train\cut\cut_train_164.avi,0,GOOD
cut_train_165.avi,cut,train,data\dataset_v7_clean\train\cut\cut_train_165.avi,0,GOOD
cut_train_166.avi,cut,train,data\dataset_v7_clean\train\cut\cut_train_166.avi,0,GOOD
cut_train_167.mp4,cut,train,data\dataset_v7_clean\train\cut\cut_train_167.mp4,0,GOOD
cut_train_168.avi,cut,train,data\dataset_v7_clean\train\cut\cut_train_168.avi,0,GOOD
cut_train_169.avi,cut,train,data\dataset_v7_clean\train\cut\cut_train_169.avi,0,GOOD
cut_train_170.avi,cut,train,data\dataset_v7_clean\train\cut\cut_train_170.avi,0,GOOD
cut_train_171.avi,cut,train,data\dataset_v7_clean\train\cut\cut_train_171.avi,0,GOOD
cut_train_172.avi,cut,train,data\dataset_v7_clean\train\cut\cut_train_172.avi,0,GOOD
cut_train_173.mp4,cut,train,data\dataset_v7_clean\train\cut\cut_train_173.mp4,0,GOOD
cut_train_174.avi,cut,train,data\dataset_v7_clean\train\cut\cut_train_174.avi,0,GOOD
cut_train_175.avi,cut,train,data\dataset_v7_clean\train\cut\cut_train_175.avi,0,GOOD
cut_train_176.avi,cut,train,data\dataset_v7_clean\train\cut\cut_train_176.avi,0,GOOD
cut_train_177.avi,cut,train,data\dataset_v7_clean\train\cut\cut_train_177.avi,0,GOOD
cut_train_178.avi,cut,train,data\dataset_v7_clean\train\cut\cut_train_178.avi,0,GOOD
cut_train_179.avi,cut,train,data\dataset_v7_clean\train\cut\cut_train_179.avi,0,GOOD
cut_train_180.avi,cut,train,data\dataset_v7_clean\train\cut\cut_train_180.avi,0,GOOD
cut_train_181.avi,cut,train,data\dataset_v7_clean\train\cut\cut_train_181.avi,0,GOOD
cut_train_182.mp4,cut,train,data\dataset_v7_clean\train\cut\cut_train_182.mp4,0,GOOD
cut_train_183.avi,cut,train,data\dataset_v7_clean\train\cut\cut_train_183.avi,0,GOOD
cut_train_184.avi,cut,train,data\dataset_v7_clean\train\cut\cut_train_184.avi,0,GOOD
cut_train_185.avi,cut,train,data\dataset_v7_clean\train\cut\cut_train_185.avi,0,GOOD
cut_train_186.avi,cut,train,data\dataset_v7_clean\train\cut\cut_train_186.avi,0,GOOD
cut_train_187.avi,cut,train,data\dataset_v7_clean\train\cut\cut_train_187.avi,0,GOOD
cut_train_188.mp4,cut,train,data\dataset_v7_clean\train\cut\cut_train_188.mp4,0,GOOD
cut_train_189.mp4,cut,train,data\dataset_v7_clean\train\cut\cut_train_189.mp4,0,GOOD
cut_train_190.avi,cut,train,data\dataset_v7_clean\train\cut\cut_train_190.avi,0,GOOD
cut_train_191.avi,cut,train,data\dataset_v7_clean\train\cut\cut_train_191.avi,0,GOOD
cut_train_192.avi,cut,train,data\dataset_v7_clean\train\cut\cut_train_192.avi,0,GOOD
cut_train_193.avi,cut,train,data\dataset_v7_clean\train\cut\cut_train_193.avi,0,GOOD
cut_train_194.avi,cut,train,data\dataset_v7_clean\train\cut\cut_train_194.avi,0,GOOD
cut_train_195.avi,cut,train,data\dataset_v7_clean\train\cut\cut_train_195.avi,0,GOOD
cut_train_196.avi,cut,train,data\dataset_v7_clean\train\cut\cut_train_196.avi,0,GOOD
cut_train_197.avi,cut,train,data\dataset_v7_clean\train\cut\cut_train_197.avi,0,GOOD
cut_train_198.avi,cut,train,data\dataset_v7_clean\train\cut\cut_train_198.avi,0,GOOD
cut_train_199.avi,cut,train,data\dataset_v7_clean\train\cut\cut_train_199.avi,0,GOOD
cut_train_200.avi,cut,train,data\dataset_v7_clean\train\cut\cut_train_200.avi,0,GOOD
cut_train_201.avi,cut,train,data\dataset_v7_clean\train\cut\cut_train_201.avi,0,GOOD
cut_train_202.mp4,cut,train,data\dataset_v7_clean\train\cut\cut_train_202.mp4,0,GOOD
cut_train_203.avi,cut,train,data\dataset_v7_clean\train\cut\cut_train_203.avi,0,GOOD
cut_train_204.avi,cut,train,data\dataset_v7_clean\train\cut\cut_train_204.avi,0,GOOD
cut_train_205.avi,cut,train,data\dataset_v7_clean\train\cut\cut_train_205.avi,0,GOOD
cut_train_206.avi,cut,train,data\dataset_v7_clean\train\cut\cut_train_206.avi,0,GOOD
cut_train_207.avi,cut,train,data\dataset_v7_clean\train\cut\cut_train_207.avi,0,GOOD
cut_train_208.mp4,cut,train,data\dataset_v7_clean\train\cut\cut_train_208.mp4,0,GOOD
cut_train_209.mp4,cut,train,data\dataset_v7_clean\train\cut\cut_train_209.mp4,0,GOOD
cut_train_210.avi,cut,train,data\dataset_v7_clean\train\cut\cut_train_210.avi,0,GOOD
cut_train_211.avi,cut,train,data\dataset_v7_clean\train\cut\cut_train_211.avi,0,GOOD
cut_train_212.avi,cut,train,data\dataset_v7_clean\train\cut\cut_train_212.avi,0,GOOD
cut_train_213.mp4,cut,train,data\dataset_v7_clean\train\cut\cut_train_213.mp4,0,GOOD
cut_train_214.avi,cut,train,data\dataset_v7_clean\train\cut\cut_train_214.avi,0,GOOD
cut_train_215.avi,cut,train,data\dataset_v7_clean\train\cut\cut_train_215.avi,0,GOOD
cut_train_216.avi,cut,train,data\dataset_v7_clean\train\cut\cut_train_216.avi,0,GOOD
cut_train_217.avi,cut,train,data\dataset_v7_clean\train\cut\cut_train_217.avi,0,GOOD
cut_train_218.avi,cut,train,data\dataset_v7_clean\train\cut\cut_train_218.avi,0,GOOD
cut_train_219.avi,cut,train,data\dataset_v7_clean\train\cut\cut_train_219.avi,0,GOOD
cut_train_220.avi,cut,train,data\dataset_v7_clean\train\cut\cut_train_220.avi,0,GOOD
cut_train_221.avi,cut,train,data\dataset_v7_clean\train\cut\cut_train_221.avi,0,GOOD
cut_train_222.avi,cut,train,data\dataset_v7_clean\train\cut\cut_train_222.avi,0,GOOD
cut_train_223.avi,cut,train,data\dataset_v7_clean\train\cut\cut_train_223.avi,0,GOOD
cut_train_224.avi,cut,train,data\dataset_v7_clean\train\cut\cut_train_224.avi,0,GOOD
cut_train_225.avi,cut,train,data\dataset_v7_clean\train\cut\cut_train_225.avi,0,GOOD
cut_train_226.avi,cut,train,data\dataset_v7_clean\train\cut\cut_train_226.avi,0,GOOD
cut_train_227.avi,cut,train,data\dataset_v7_clean\train\cut\cut_train_227.avi,0,GOOD
cut_train_228.avi,cut,train,data\dataset_v7_clean\train\cut\cut_train_228.avi,0,GOOD
cut_train_229.avi,cut,train,data\dataset_v7_clean\train\cut\cut_train_229.avi,0,GOOD
cut_train_230.avi,cut,train,data\dataset_v7_clean\train\cut\cut_train_230.avi,0,GOOD
cut_train_231.mp4,cut,train,data\dataset_v7_clean\train\cut\cut_train_231.mp4,0,GOOD
cut_train_232.avi,cut,train,data\dataset_v7_clean\train\cut\cut_train_232.avi,0,GOOD
cut_train_233.avi,cut,train,data\dataset_v7_clean\train\cut\cut_train_233.avi,0,GOOD
cut_train_234.avi,cut,train,data\dataset_v7_clean\train\cut\cut_train_234.avi,0,GOOD
cut_train_235.avi,cut,train,data\dataset_v7_clean\train\cut\cut_train_235.avi,0,GOOD
cut_train_236.avi,cut,train,data\dataset_v7_clean\train\cut\cut_train_236.avi,0,GOOD
cut_train_237.avi,cut,train,data\dataset_v7_clean\train\cut\cut_train_237.avi,0,GOOD
cut_train_238.mp4,cut,train,data\dataset_v7_clean\train\cut\cut_train_238.mp4,0,GOOD
cut_train_239.avi,cut,train,data\dataset_v7_clean\train\cut\cut_train_239.avi,0,GOOD
cut_train_240.avi,cut,train,data\dataset_v7_clean\train\cut\cut_train_240.avi,0,GOOD
cut_train_241.mp4,cut,train,data\dataset_v7_clean\train\cut\cut_train_241.mp4,0,GOOD
cut_train_242.avi,cut,train,data\dataset_v7_clean\train\cut\cut_train_242.avi,0,GOOD
cut_train_243.avi,cut,train,data\dataset_v7_clean\train\cut\cut_train_243.avi,0,GOOD
cut_train_244.avi,cut,train,data\dataset_v7_clean\train\cut\cut_train_244.avi,0,GOOD
cut_train_245.avi,cut,train,data\dataset_v7_clean\train\cut\cut_train_245.avi,0,GOOD
cut_train_246.mp4,cut,train,data\dataset_v7_clean\train\cut\cut_train_246.mp4,0,GOOD
cut_train_247.avi,cut,train,data\dataset_v7_clean\train\cut\cut_train_247.avi,0,GOOD
cut_train_248.avi,cut,train,data\dataset_v7_clean\train\cut\cut_train_248.avi,0,GOOD
cut_train_249.avi,cut,train,data\dataset_v7_clean\train\cut\cut_train_249.avi,0,GOOD
cut_train_250.avi,cut,train,data\dataset_v7_clean\train\cut\cut_train_250.avi,0,GOOD
cut_train_251.mp4,cut,train,data\dataset_v7_clean\train\cut\cut_train_251.mp4,0,GOOD
cut_train_252.avi,cut,train,data\dataset_v7_clean\train\cut\cut_train_252.avi,0,GOOD
cut_train_253.avi,cut,train,data\dataset_v7_clean\train\cut\cut_train_253.avi,0,GOOD
cut_train_254.avi,cut,train,data\dataset_v7_clean\train\cut\cut_train_254.avi,0,GOOD
cut_train_255.avi,cut,train,data\dataset_v7_clean\train\cut\cut_train_255.avi,0,GOOD
cut_train_256.avi,cut,train,data\dataset_v7_clean\train\cut\cut_train_256.avi,0,GOOD
cut_train_257.avi,cut,train,data\dataset_v7_clean\train\cut\cut_train_257.avi,0,GOOD
cut_train_258.avi,cut,train,data\dataset_v7_clean\train\cut\cut_train_258.avi,0,GOOD
cut_train_259.avi,cut,train,data\dataset_v7_clean\train\cut\cut_train_259.avi,0,GOOD
cut_train_260.avi,cut,train,data\dataset_v7_clean\train\cut\cut_train_260.avi,0,GOOD
cut_train_261.avi,cut,train,data\dataset_v7_clean\train\cut\cut_train_261.avi,0,GOOD
cut_train_262.avi,cut,train,data\dataset_v7_clean\train\cut\cut_train_262.avi,0,GOOD
cut_train_263.avi,cut,train,data\dataset_v7_clean\train\cut\cut_train_263.avi,0,GOOD
cut_train_264.avi,cut,train,data\dataset_v7_clean\train\cut\cut_train_264.avi,0,GOOD
cut_train_265.avi,cut,train,data\dataset_v7_clean\train\cut\cut_train_265.avi,0,GOOD
cut_train_266.avi,cut,train,data\dataset_v7_clean\train\cut\cut_train_266.avi,0,GOOD
cut_train_267.avi,cut,train,data\dataset_v7_clean\train\cut\cut_train_267.avi,0,GOOD
cut_train_268.avi,cut,train,data\dataset_v7_clean\train\cut\cut_train_268.avi,0,GOOD
cut_train_269.avi,cut,train,data\dataset_v7_clean\train\cut\cut_train_269.avi,0,GOOD
cut_train_270.avi,cut,train,data\dataset_v7_clean\train\cut\cut_train_270.avi,0,GOOD
cut_train_271.avi,cut,train,data\dataset_v7_clean\train\cut\cut_train_271.avi,0,GOOD
cut_train_272.avi,cut,train,data\dataset_v7_clean\train\cut\cut_train_272.avi,0,GOOD
cut_train_273.avi,cut,train,data\dataset_v7_clean\train\cut\cut_train_273.avi,0,GOOD
cut_train_274.avi,cut,train,data\dataset_v7_clean\train\cut\cut_train_274.avi,0,GOOD
cut_train_275.avi,cut,train,data\dataset_v7_clean\train\cut\cut_train_275.avi,0,GOOD
cut_train_276.avi,cut,train,data\dataset_v7_clean\train\cut\cut_train_276.avi,0,GOOD
cut_train_277.avi,cut,train,data\dataset_v7_clean\train\cut\cut_train_277.avi,0,GOOD
cut_train_278.avi,cut,train,data\dataset_v7_clean\train\cut\cut_train_278.avi,0,GOOD
cut_train_279.mp4,cut,train,data\dataset_v7_clean\train\cut\cut_train_279.mp4,0,GOOD
cut_train_280.avi,cut,train,data\dataset_v7_clean\train\cut\cut_train_280.avi,0,GOOD
cut_train_281.avi,cut,train,data\dataset_v7_clean\train\cut\cut_train_281.avi,0,GOOD
cut_train_282.avi,cut,train,data\dataset_v7_clean\train\cut\cut_train_282.avi,0,GOOD
cut_train_283.mp4,cut,train,data\dataset_v7_clean\train\cut\cut_train_283.mp4,0,GOOD
cut_train_284.avi,cut,train,data\dataset_v7_clean\train\cut\cut_train_284.avi,0,GOOD
cut_train_285.avi,cut,train,data\dataset_v7_clean\train\cut\cut_train_285.avi,0,GOOD
cut_train_286.avi,cut,train,data\dataset_v7_clean\train\cut\cut_train_286.avi,0,GOOD
cut_train_287.avi,cut,train,data\dataset_v7_clean\train\cut\cut_train_287.avi,0,GOOD
cut_train_288.avi,cut,train,data\dataset_v7_clean\train\cut\cut_train_288.avi,0,GOOD
cut_train_289.mp4,cut,train,data\dataset_v7_clean\train\cut\cut_train_289.mp4,0,GOOD
cut_train_290.avi,cut,train,data\dataset_v7_clean\train\cut\cut_train_290.avi,0,GOOD
cut_train_291.mp4,cut,train,data\dataset_v7_clean\train\cut\cut_train_291.mp4,0,GOOD
cut_train_292.avi,cut,train,data\dataset_v7_clean\train\cut\cut_train_292.avi,0,GOOD
cut_train_293.avi,cut,train,data\dataset_v7_clean\train\cut\cut_train_293.avi,0,GOOD
cut_train_294.avi,cut,train,data\dataset_v7_clean\train\cut\cut_train_294.avi,0,GOOD
cut_train_295.avi,cut,train,data\dataset_v7_clean\train\cut\cut_train_295.avi,0,GOOD
cut_train_296.avi,cut,train,data\dataset_v7_clean\train\cut\cut_train_296.avi,0,GOOD
cut_train_297.avi,cut,train,data\dataset_v7_clean\train\cut\cut_train_297.avi,0,GOOD
cut_train_298.avi,cut,train,data\dataset_v7_clean\train\cut\cut_train_298.avi,0,GOOD
cut_train_299.avi,cut,train,data\dataset_v7_clean\train\cut\cut_train_299.avi,0,GOOD
cut_train_300.avi,cut,train,data\dataset_v7_clean\train\cut\cut_train_300.avi,0,GOOD
cut_train_301.avi,cut,train,data\dataset_v7_clean\train\cut\cut_train_301.avi,0,GOOD
cut_train_302.avi,cut,train,data\dataset_v7_clean\train\cut\cut_train_302.avi,0,GOOD
cut_train_303.avi,cut,train,data\dataset_v7_clean\train\cut\cut_train_303.avi,0,GOOD
cut_train_304.mp4,cut,train,data\dataset_v7_clean\train\cut\cut_train_304.mp4,0,GOOD
cut_train_305.avi,cut,train,data\dataset_v7_clean\train\cut\cut_train_305.avi,0,GOOD
cut_train_306.avi,cut,train,data\dataset_v7_clean\train\cut\cut_train_306.avi,0,GOOD
cut_train_307.mp4,cut,train,data\dataset_v7_clean\train\cut\cut_train_307.mp4,0,GOOD
cut_train_308.mp4,cut,train,data\dataset_v7_clean\train\cut\cut_train_308.mp4,0,GOOD
cut_train_309.avi,cut,train,data\dataset_v7_clean\train\cut\cut_train_309.avi,0,GOOD
cut_train_310.avi,cut,train,data\dataset_v7_clean\train\cut\cut_train_310.avi,0,GOOD
cut_train_311.avi,cut,train,data\dataset_v7_clean\train\cut\cut_train_311.avi,0,GOOD
cut_train_312.avi,cut,train,data\dataset_v7_clean\train\cut\cut_train_312.avi,0,GOOD
cut_train_313.mp4,cut,train,data\dataset_v7_clean\train\cut\cut_train_313.mp4,0,GOOD
cut_train_314.mp4,cut,train,data\dataset_v7_clean\train\cut\cut_train_314.mp4,0,GOOD
cut_train_315.avi,cut,train,data\dataset_v7_clean\train\cut\cut_train_315.avi,0,GOOD
cut_train_316.avi,cut,train,data\dataset_v7_clean\train\cut\cut_train_316.avi,0,GOOD
cut_val_001.avi,cut,val,data\dataset_v7_clean\val\cut\cut_val_001.avi,0,GOOD
cut_val_002.avi,cut,val,data\dataset_v7_clean\val\cut\cut_val_002.avi,0,GOOD
cut_val_003.avi,cut,val,data\dataset_v7_clean\val\cut\cut_val_003.avi,0,GOOD
cut_val_004.avi,cut,val,data\dataset_v7_clean\val\cut\cut_val_004.avi,0,GOOD
cut_val_005.mp4,cut,val,data\dataset_v7_clean\val\cut\cut_val_005.mp4,0,GOOD
cut_val_006.avi,cut,val,data\dataset_v7_clean\val\cut\cut_val_006.avi,0,GOOD
cut_val_007.avi,cut,val,data\dataset_v7_clean\val\cut\cut_val_007.avi,0,GOOD
cut_val_008.avi,cut,val,data\dataset_v7_clean\val\cut\cut_val_008.avi,0,GOOD
cut_val_009.mp4,cut,val,data\dataset_v7_clean\val\cut\cut_val_009.mp4,0,GOOD
cut_val_010.avi,cut,val,data\dataset_v7_clean\val\cut\cut_val_010.avi,0,GOOD
cut_val_011.avi,cut,val,data\dataset_v7_clean\val\cut\cut_val_011.avi,0,GOOD
cut_val_012.avi,cut,val,data\dataset_v7_clean\val\cut\cut_val_012.avi,0,GOOD
cut_val_013.avi,cut,val,data\dataset_v7_clean\val\cut\cut_val_013.avi,0,GOOD
cut_val_014.avi,cut,val,data\dataset_v7_clean\val\cut\cut_val_014.avi,0,GOOD
cut_val_015.avi,cut,val,data\dataset_v7_clean\val\cut\cut_val_015.avi,0,GOOD
cut_val_016.mp4,cut,val,data\dataset_v7_clean\val\cut\cut_val_016.mp4,0,GOOD
cut_val_017.avi,cut,val,data\dataset_v7_clean\val\cut\cut_val_017.avi,0,GOOD
cut_val_018.avi,cut,val,data\dataset_v7_clean\val\cut\cut_val_018.avi,0,GOOD
cut_val_019.avi,cut,val,data\dataset_v7_clean\val\cut\cut_val_019.avi,0,GOOD
cut_val_020.avi,cut,val,data\dataset_v7_clean\val\cut\cut_val_020.avi,0,GOOD
cut_val_021.avi,cut,val,data\dataset_v7_clean\val\cut\cut_val_021.avi,0,GOOD
cut_val_022.avi,cut,val,data\dataset_v7_clean\val\cut\cut_val_022.avi,0,GOOD
cut_val_023.avi,cut,val,data\dataset_v7_clean\val\cut\cut_val_023.avi,0,GOOD
cut_val_024.mp4,cut,val,data\dataset_v7_clean\val\cut\cut_val_024.mp4,0,GOOD
cut_val_025.avi,cut,val,data\dataset_v7_clean\val\cut\cut_val_025.avi,0,GOOD
cut_val_026.avi,cut,val,data\dataset_v7_clean\val\cut\cut_val_026.avi,0,GOOD
cut_val_027.avi,cut,val,data\dataset_v7_clean\val\cut\cut_val_027.avi,0,GOOD
cut_val_028.avi,cut,val,data\dataset_v7_clean\val\cut\cut_val_028.avi,0,GOOD
cut_val_029.avi,cut,val,data\dataset_v7_clean\val\cut\cut_val_029.avi,0,GOOD
cut_val_030.avi,cut,val,data\dataset_v7_clean\val\cut\cut_val_030.avi,0,GOOD
cut_val_031.avi,cut,val,data\dataset_v7_clean\val\cut\cut_val_031.avi,0,GOOD
cut_val_032.avi,cut,val,data\dataset_v7_clean\val\cut\cut_val_032.avi,0,GOOD
cut_val_033.avi,cut,val,data\dataset_v7_clean\val\cut\cut_val_033.avi,0,GOOD
cut_val_034.avi,cut,val,data\dataset_v7_clean\val\cut\cut_val_034.avi,0,GOOD
cut_val_035.avi,cut,val,data\dataset_v7_clean\val\cut\cut_val_035.avi,0,GOOD
drive_test_001.mp4,drive,test,data\dataset_v7_clean\test\drive\drive_test_001.mp4,0,GOOD
drive_test_002.avi,drive,test,data\dataset_v7_clean\test\drive\drive_test_002.avi,0,GOOD
drive_test_003.avi,drive,test,data\dataset_v7_clean\test\drive\drive_test_003.avi,0,GOOD
drive_test_004.avi,drive,test,data\dataset_v7_clean\test\drive\drive_test_004.avi,0,GOOD
drive_test_005.avi,drive,test,data\dataset_v7_clean\test\drive\drive_test_005.avi,0,GOOD
drive_test_006.avi,drive,test,data\dataset_v7_clean\test\drive\drive_test_006.avi,0,GOOD
drive_test_007.avi,drive,test,data\dataset_v7_clean\test\drive\drive_test_007.avi,0,GOOD
drive_test_008.avi,drive,test,data\dataset_v7_clean\test\drive\drive_test_008.avi,0,GOOD
drive_test_009.avi,drive,test,data\dataset_v7_clean\test\drive\drive_test_009.avi,0,GOOD
drive_test_010.avi,drive,test,data\dataset_v7_clean\test\drive\drive_test_010.avi,0,GOOD
drive_test_011.avi,drive,test,data\dataset_v7_clean\test\drive\drive_test_011.avi,0,GOOD
drive_test_012.avi,drive,test,data\dataset_v7_clean\test\drive\drive_test_012.avi,0,GOOD
drive_test_013.avi,drive,test,data\dataset_v7_clean\test\drive\drive_test_013.avi,0,GOOD
drive_test_014.avi,drive,test,data\dataset_v7_clean\test\drive\drive_test_014.avi,0,GOOD
drive_test_015.avi,drive,test,data\dataset_v7_clean\test\drive\drive_test_015.avi,0,GOOD
drive_test_016.avi,drive,test,data\dataset_v7_clean\test\drive\drive_test_016.avi,0,GOOD
drive_test_017.avi,drive,test,data\dataset_v7_clean\test\drive\drive_test_017.avi,0,GOOD
drive_test_018.avi,drive,test,data\dataset_v7_clean\test\drive\drive_test_018.avi,0,GOOD
drive_test_019.avi,drive,test,data\dataset_v7_clean\test\drive\drive_test_019.avi,0,GOOD
drive_test_020.avi,drive,test,data\dataset_v7_clean\test\drive\drive_test_020.avi,0,GOOD
drive_test_021.avi,drive,test,data\dataset_v7_clean\test\drive\drive_test_021.avi,0,GOOD
drive_test_022.avi,drive,test,data\dataset_v7_clean\test\drive\drive_test_022.avi,0,GOOD
drive_test_023.avi,drive,test,data\dataset_v7_clean\test\drive\drive_test_023.avi,0,GOOD
drive_test_024.mp4,drive,test,data\dataset_v7_clean\test\drive\drive_test_024.mp4,0,GOOD
drive_test_025.avi,drive,test,data\dataset_v7_clean\test\drive\drive_test_025.avi,0,GOOD
drive_test_026.avi,drive,test,data\dataset_v7_clean\test\drive\drive_test_026.avi,0,GOOD
drive_test_027.avi,drive,test,data\dataset_v7_clean\test\drive\drive_test_027.avi,0,GOOD
drive_test_028.avi,drive,test,data\dataset_v7_clean\test\drive\drive_test_028.avi,0,GOOD
drive_test_029.avi,drive,test,data\dataset_v7_clean\test\drive\drive_test_029.avi,0,GOOD
drive_test_030.avi,drive,test,data\dataset_v7_clean\test\drive\drive_test_030.avi,0,GOOD
drive_test_031.avi,drive,test,data\dataset_v7_clean\test\drive\drive_test_031.avi,0,GOOD
drive_test_032.avi,drive,test,data\dataset_v7_clean\test\drive\drive_test_032.avi,0,GOOD
drive_test_033.avi,drive,test,data\dataset_v7_clean\test\drive\drive_test_033.avi,0,GOOD
drive_test_034.avi,drive,test,data\dataset_v7_clean\test\drive\drive_test_034.avi,0,GOOD
drive_test_035.avi,drive,test,data\dataset_v7_clean\test\drive\drive_test_035.avi,0,GOOD
drive_test_036.avi,drive,test,data\dataset_v7_clean\test\drive\drive_test_036.avi,0,GOOD
drive_test_037.avi,drive,test,data\dataset_v7_clean\test\drive\drive_test_037.avi,0,GOOD
drive_test_038.avi,drive,test,data\dataset_v7_clean\test\drive\drive_test_038.avi,0,GOOD
drive_test_039.avi,drive,test,data\dataset_v7_clean\test\drive\drive_test_039.avi,0,GOOD
drive_test_040.avi,drive,test,data\dataset_v7_clean\test\drive\drive_test_040.avi,0,GOOD
drive_test_041.avi,drive,test,data\dataset_v7_clean\test\drive\drive_test_041.avi,0,GOOD
drive_test_042.avi,drive,test,data\dataset_v7_clean\test\drive\drive_test_042.avi,0,GOOD
drive_test_043.mp4,drive,test,data\dataset_v7_clean\test\drive\drive_test_043.mp4,0,GOOD
drive_test_044.avi,drive,test,data\dataset_v7_clean\test\drive\drive_test_044.avi,0,GOOD
drive_test_045.avi,drive,test,data\dataset_v7_clean\test\drive\drive_test_045.avi,0,GOOD
drive_test_046.avi,drive,test,data\dataset_v7_clean\test\drive\drive_test_046.avi,0,GOOD
drive_test_047.avi,drive,test,data\dataset_v7_clean\test\drive\drive_test_047.avi,0,GOOD
drive_test_048.mp4,drive,test,data\dataset_v7_clean\test\drive\drive_test_048.mp4,0,GOOD
drive_test_049.avi,drive,test,data\dataset_v7_clean\test\drive\drive_test_049.avi,0,GOOD
drive_test_050.avi,drive,test,data\dataset_v7_clean\test\drive\drive_test_050.avi,0,GOOD
drive_test_051.avi,drive,test,data\dataset_v7_clean\test\drive\drive_test_051.avi,0,GOOD
drive_test_052.avi,drive,test,data\dataset_v7_clean\test\drive\drive_test_052.avi,0,GOOD
drive_test_053.avi,drive,test,data\dataset_v7_clean\test\drive\drive_test_053.avi,0,GOOD
drive_test_054.avi,drive,test,data\dataset_v7_clean\test\drive\drive_test_054.avi,0,GOOD
drive_test_055.avi,drive,test,data\dataset_v7_clean\test\drive\drive_test_055.avi,0,GOOD
drive_test_056.avi,drive,test,data\dataset_v7_clean\test\drive\drive_test_056.avi,0,GOOD
drive_test_057.avi,drive,test,data\dataset_v7_clean\test\drive\drive_test_057.avi,0,GOOD
drive_test_058.avi,drive,test,data\dataset_v7_clean\test\drive\drive_test_058.avi,0,GOOD
drive_test_059.avi,drive,test,data\dataset_v7_clean\test\drive\drive_test_059.avi,0,GOOD
drive_test_060.avi,drive,test,data\dataset_v7_clean\test\drive\drive_test_060.avi,0,GOOD
drive_test_061.avi,drive,test,data\dataset_v7_clean\test\drive\drive_test_061.avi,0,GOOD
drive_test_062.avi,drive,test,data\dataset_v7_clean\test\drive\drive_test_062.avi,0,GOOD
drive_test_063.avi,drive,test,data\dataset_v7_clean\test\drive\drive_test_063.avi,0,GOOD
drive_test_064.avi,drive,test,data\dataset_v7_clean\test\drive\drive_test_064.avi,0,GOOD
drive_test_065.mp4,drive,test,data\dataset_v7_clean\test\drive\drive_test_065.mp4,0,GOOD
drive_test_066.avi,drive,test,data\dataset_v7_clean\test\drive\drive_test_066.avi,0,GOOD
drive_test_067.avi,drive,test,data\dataset_v7_clean\test\drive\drive_test_067.avi,0,GOOD
drive_test_068.avi,drive,test,data\dataset_v7_clean\test\drive\drive_test_068.avi,0,GOOD
drive_test_069.avi,drive,test,data\dataset_v7_clean\test\drive\drive_test_069.avi,0,GOOD
drive_test_070.avi,drive,test,data\dataset_v7_clean\test\drive\drive_test_070.avi,0,GOOD
drive_test_071.avi,drive,test,data\dataset_v7_clean\test\drive\drive_test_071.avi,0,GOOD
drive_test_072.avi,drive,test,data\dataset_v7_clean\test\drive\drive_test_072.avi,0,GOOD
drive_test_073.avi,drive,test,data\dataset_v7_clean\test\drive\drive_test_073.avi,0,GOOD
drive_train_001.mp4,drive,train,data\dataset_v7_clean\train\drive\drive_train_001.mp4,0,GOOD
drive_train_002.avi,drive,train,data\dataset_v7_clean\train\drive\drive_train_002.avi,0,GOOD
drive_train_003.avi,drive,train,data\dataset_v7_clean\train\drive\drive_train_003.avi,0,GOOD
drive_train_004.avi,drive,train,data\dataset_v7_clean\train\drive\drive_train_004.avi,0,GOOD
drive_train_005.avi,drive,train,data\dataset_v7_clean\train\drive\drive_train_005.avi,0,GOOD
drive_train_006.avi,drive,train,data\dataset_v7_clean\train\drive\drive_train_006.avi,0,GOOD
drive_train_007.avi,drive,train,data\dataset_v7_clean\train\drive\drive_train_007.avi,0,GOOD
drive_train_008.avi,drive,train,data\dataset_v7_clean\train\drive\drive_train_008.avi,0,GOOD
drive_train_009.avi,drive,train,data\dataset_v7_clean\train\drive\drive_train_009.avi,0,GOOD
drive_train_010.avi,drive,train,data\dataset_v7_clean\train\drive\drive_train_010.avi,0,GOOD
drive_train_011.avi,drive,train,data\dataset_v7_clean\train\drive\drive_train_011.avi,0,GOOD
drive_train_012.avi,drive,train,data\dataset_v7_clean\train\drive\drive_train_012.avi,0,GOOD
drive_train_013.avi,drive,train,data\dataset_v7_clean\train\drive\drive_train_013.avi,0,GOOD
drive_train_014.avi,drive,train,data\dataset_v7_clean\train\drive\drive_train_014.avi,0,GOOD
drive_train_015.avi,drive,train,data\dataset_v7_clean\train\drive\drive_train_015.avi,0,GOOD
drive_train_016.avi,drive,train,data\dataset_v7_clean\train\drive\drive_train_016.avi,0,GOOD
drive_train_017.avi,drive,train,data\dataset_v7_clean\train\drive\drive_train_017.avi,0,GOOD
drive_train_018.mp4,drive,train,data\dataset_v7_clean\train\drive\drive_train_018.mp4,0,GOOD
drive_train_019.avi,drive,train,data\dataset_v7_clean\train\drive\drive_train_019.avi,0,GOOD
drive_train_020.avi,drive,train,data\dataset_v7_clean\train\drive\drive_train_020.avi,0,GOOD
drive_train_021.avi,drive,train,data\dataset_v7_clean\train\drive\drive_train_021.avi,0,GOOD
drive_train_022.avi,drive,train,data\dataset_v7_clean\train\drive\drive_train_022.avi,0,GOOD
drive_train_023.avi,drive,train,data\dataset_v7_clean\train\drive\drive_train_023.avi,0,GOOD
drive_train_024.avi,drive,train,data\dataset_v7_clean\train\drive\drive_train_024.avi,0,GOOD
drive_train_025.avi,drive,train,data\dataset_v7_clean\train\drive\drive_train_025.avi,0,GOOD
drive_train_026.avi,drive,train,data\dataset_v7_clean\train\drive\drive_train_026.avi,0,GOOD
drive_train_027.avi,drive,train,data\dataset_v7_clean\train\drive\drive_train_027.avi,0,GOOD
drive_train_028.avi,drive,train,data\dataset_v7_clean\train\drive\drive_train_028.avi,0,GOOD
drive_train_029.mp4,drive,train,data\dataset_v7_clean\train\drive\drive_train_029.mp4,0,GOOD
drive_train_030.avi,drive,train,data\dataset_v7_clean\train\drive\drive_train_030.avi,0,GOOD
drive_train_031.avi,drive,train,data\dataset_v7_clean\train\drive\drive_train_031.avi,0,GOOD
drive_train_032.mp4,drive,train,data\dataset_v7_clean\train\drive\drive_train_032.mp4,0,GOOD
drive_train_033.avi,drive,train,data\dataset_v7_clean\train\drive\drive_train_033.avi,0,GOOD
drive_train_034.avi,drive,train,data\dataset_v7_clean\train\drive\drive_train_034.avi,0,GOOD
drive_train_035.avi,drive,train,data\dataset_v7_clean\train\drive\drive_train_035.avi,0,GOOD
drive_train_036.mp4,drive,train,data\dataset_v7_clean\train\drive\drive_train_036.mp4,0,GOOD
drive_train_037.mp4,drive,train,data\dataset_v7_clean\train\drive\drive_train_037.mp4,0,GOOD
drive_train_038.avi,drive,train,data\dataset_v7_clean\train\drive\drive_train_038.avi,0,GOOD
drive_train_039.avi,drive,train,data\dataset_v7_clean\train\drive\drive_train_039.avi,0,GOOD
drive_train_040.avi,drive,train,data\dataset_v7_clean\train\drive\drive_train_040.avi,0,GOOD
drive_train_041.avi,drive,train,data\dataset_v7_clean\train\drive\drive_train_041.avi,0,GOOD
drive_train_042.avi,drive,train,data\dataset_v7_clean\train\drive\drive_train_042.avi,0,GOOD
drive_train_043.avi,drive,train,data\dataset_v7_clean\train\drive\drive_train_043.avi,0,GOOD
drive_train_044.mp4,drive,train,data\dataset_v7_clean\train\drive\drive_train_044.mp4,0,GOOD
drive_train_045.avi,drive,train,data\dataset_v7_clean\train\drive\drive_train_045.avi,0,GOOD
drive_train_046.avi,drive,train,data\dataset_v7_clean\train\drive\drive_train_046.avi,0,GOOD
drive_train_047.avi,drive,train,data\dataset_v7_clean\train\drive\drive_train_047.avi,0,GOOD
drive_train_048.avi,drive,train,data\dataset_v7_clean\train\drive\drive_train_048.avi,0,GOOD
drive_train_049.avi,drive,train,data\dataset_v7_clean\train\drive\drive_train_049.avi,0,GOOD
drive_train_050.mp4,drive,train,data\dataset_v7_clean\train\drive\drive_train_050.mp4,0,GOOD
drive_train_051.mp4,drive,train,data\dataset_v7_clean\train\drive\drive_train_051.mp4,0,GOOD
drive_train_052.avi,drive,train,data\dataset_v7_clean\train\drive\drive_train_052.avi,0,GOOD
drive_train_053.mp4,drive,train,data\dataset_v7_clean\train\drive\drive_train_053.mp4,0,GOOD
drive_train_054.avi,drive,train,data\dataset_v7_clean\train\drive\drive_train_054.avi,0,GOOD
drive_train_055.avi,drive,train,data\dataset_v7_clean\train\drive\drive_train_055.avi,0,GOOD
drive_train_056.avi,drive,train,data\dataset_v7_clean\train\drive\drive_train_056.avi,0,GOOD
drive_train_057.avi,drive,train,data\dataset_v7_clean\train\drive\drive_train_057.avi,0,GOOD
drive_train_058.avi,drive,train,data\dataset_v7_clean\train\drive\drive_train_058.avi,0,GOOD
drive_train_059.avi,drive,train,data\dataset_v7_clean\train\drive\drive_train_059.avi,0,GOOD
drive_train_060.avi,drive,train,data\dataset_v7_clean\train\drive\drive_train_060.avi,0,GOOD
drive_train_061.avi,drive,train,data\dataset_v7_clean\train\drive\drive_train_061.avi,0,GOOD
drive_train_062.avi,drive,train,data\dataset_v7_clean\train\drive\drive_train_062.avi,0,GOOD
drive_train_063.avi,drive,train,data\dataset_v7_clean\train\drive\drive_train_063.avi,0,GOOD
drive_train_064.mp4,drive,train,data\dataset_v7_clean\train\drive\drive_train_064.mp4,0,GOOD
drive_train_065.mp4,drive,train,data\dataset_v7_clean\train\drive\drive_train_065.mp4,0,GOOD
drive_train_066.avi,drive,train,data\dataset_v7_clean\train\drive\drive_train_066.avi,0,GOOD
drive_train_067.avi,drive,train,data\dataset_v7_clean\train\drive\drive_train_067.avi,0,GOOD
drive_train_068.avi,drive,train,data\dataset_v7_clean\train\drive\drive_train_068.avi,0,GOOD
drive_train_069.avi,drive,train,data\dataset_v7_clean\train\drive\drive_train_069.avi,0,GOOD
drive_train_070.avi,drive,train,data\dataset_v7_clean\train\drive\drive_train_070.avi,0,GOOD
drive_train_071.avi,drive,train,data\dataset_v7_clean\train\drive\drive_train_071.avi,0,GOOD
drive_train_072.avi,drive,train,data\dataset_v7_clean\train\drive\drive_train_072.avi,0,GOOD
drive_train_073.avi,drive,train,data\dataset_v7_clean\train\drive\drive_train_073.avi,0,GOOD
drive_train_074.avi,drive,train,data\dataset_v7_clean\train\drive\drive_train_074.avi,0,GOOD
drive_train_075.avi,drive,train,data\dataset_v7_clean\train\drive\drive_train_075.avi,0,GOOD
drive_train_076.avi,drive,train,data\dataset_v7_clean\train\drive\drive_train_076.avi,0,GOOD
drive_train_077.avi,drive,train,data\dataset_v7_clean\train\drive\drive_train_077.avi,0,GOOD
drive_train_078.mp4,drive,train,data\dataset_v7_clean\train\drive\drive_train_078.mp4,0,GOOD
drive_train_079.avi,drive,train,data\dataset_v7_clean\train\drive\drive_train_079.avi,0,GOOD
drive_train_080.avi,drive,train,data\dataset_v7_clean\train\drive\drive_train_080.avi,0,GOOD
drive_train_081.avi,drive,train,data\dataset_v7_clean\train\drive\drive_train_081.avi,0,GOOD
drive_train_082.avi,drive,train,data\dataset_v7_clean\train\drive\drive_train_082.avi,0,GOOD
drive_train_083.avi,drive,train,data\dataset_v7_clean\train\drive\drive_train_083.avi,0,GOOD
drive_train_084.avi,drive,train,data\dataset_v7_clean\train\drive\drive_train_084.avi,0,GOOD
drive_train_085.avi,drive,train,data\dataset_v7_clean\train\drive\drive_train_085.avi,0,GOOD
drive_train_086.avi,drive,train,data\dataset_v7_clean\train\drive\drive_train_086.avi,0,GOOD
drive_train_087.avi,drive,train,data\dataset_v7_clean\train\drive\drive_train_087.avi,0,GOOD
drive_train_088.avi,drive,train,data\dataset_v7_clean\train\drive\drive_train_088.avi,0,GOOD
drive_train_089.avi,drive,train,data\dataset_v7_clean\train\drive\drive_train_089.avi,0,GOOD
drive_train_090.avi,drive,train,data\dataset_v7_clean\train\drive\drive_train_090.avi,0,GOOD
drive_train_091.avi,drive,train,data\dataset_v7_clean\train\drive\drive_train_091.avi,0,GOOD
drive_train_092.avi,drive,train,data\dataset_v7_clean\train\drive\drive_train_092.avi,0,GOOD
drive_train_093.mp4,drive,train,data\dataset_v7_clean\train\drive\drive_train_093.mp4,0,GOOD
drive_train_094.avi,drive,train,data\dataset_v7_clean\train\drive\drive_train_094.avi,0,GOOD
drive_train_095.avi,drive,train,data\dataset_v7_clean\train\drive\drive_train_095.avi,0,GOOD
drive_train_096.avi,drive,train,data\dataset_v7_clean\train\drive\drive_train_096.avi,0,GOOD
drive_train_097.avi,drive,train,data\dataset_v7_clean\train\drive\drive_train_097.avi,0,GOOD
drive_train_098.avi,drive,train,data\dataset_v7_clean\train\drive\drive_train_098.avi,0,GOOD
drive_train_099.avi,drive,train,data\dataset_v7_clean\train\drive\drive_train_099.avi,0,GOOD
drive_train_100.avi,drive,train,data\dataset_v7_clean\train\drive\drive_train_100.avi,0,GOOD
drive_train_101.avi,drive,train,data\dataset_v7_clean\train\drive\drive_train_101.avi,0,GOOD
drive_train_102.avi,drive,train,data\dataset_v7_clean\train\drive\drive_train_102.avi,0,GOOD
drive_train_103.avi,drive,train,data\dataset_v7_clean\train\drive\drive_train_103.avi,0,GOOD
drive_train_104.avi,drive,train,data\dataset_v7_clean\train\drive\drive_train_104.avi,0,GOOD
drive_train_105.avi,drive,train,data\dataset_v7_clean\train\drive\drive_train_105.avi,0,GOOD
drive_train_106.avi,drive,train,data\dataset_v7_clean\train\drive\drive_train_106.avi,0,GOOD
drive_train_107.mp4,drive,train,data\dataset_v7_clean\train\drive\drive_train_107.mp4,0,GOOD
drive_train_108.avi,drive,train,data\dataset_v7_clean\train\drive\drive_train_108.avi,0,GOOD
drive_train_109.avi,drive,train,data\dataset_v7_clean\train\drive\drive_train_109.avi,0,GOOD
drive_train_110.avi,drive,train,data\dataset_v7_clean\train\drive\drive_train_110.avi,0,GOOD
drive_train_111.avi,drive,train,data\dataset_v7_clean\train\drive\drive_train_111.avi,0,GOOD
drive_train_112.avi,drive,train,data\dataset_v7_clean\train\drive\drive_train_112.avi,0,GOOD
drive_train_113.avi,drive,train,data\dataset_v7_clean\train\drive\drive_train_113.avi,0,GOOD
drive_train_114.avi,drive,train,data\dataset_v7_clean\train\drive\drive_train_114.avi,0,GOOD
drive_train_115.mp4,drive,train,data\dataset_v7_clean\train\drive\drive_train_115.mp4,0,GOOD
drive_train_116.avi,drive,train,data\dataset_v7_clean\train\drive\drive_train_116.avi,0,GOOD
drive_train_117.avi,drive,train,data\dataset_v7_clean\train\drive\drive_train_117.avi,0,GOOD
drive_train_118.avi,drive,train,data\dataset_v7_clean\train\drive\drive_train_118.avi,0,GOOD
drive_train_119.avi,drive,train,data\dataset_v7_clean\train\drive\drive_train_119.avi,0,GOOD
drive_train_120.avi,drive,train,data\dataset_v7_clean\train\drive\drive_train_120.avi,0,GOOD
drive_train_121.avi,drive,train,data\dataset_v7_clean\train\drive\drive_train_121.avi,0,GOOD
drive_train_122.avi,drive,train,data\dataset_v7_clean\train\drive\drive_train_122.avi,0,GOOD
drive_train_123.avi,drive,train,data\dataset_v7_clean\train\drive\drive_train_123.avi,0,GOOD
drive_train_124.avi,drive,train,data\dataset_v7_clean\train\drive\drive_train_124.avi,0,GOOD
drive_train_125.avi,drive,train,data\dataset_v7_clean\train\drive\drive_train_125.avi,0,GOOD
drive_train_126.avi,drive,train,data\dataset_v7_clean\train\drive\drive_train_126.avi,0,GOOD
drive_train_127.avi,drive,train,data\dataset_v7_clean\train\drive\drive_train_127.avi,0,GOOD
drive_train_128.avi,drive,train,data\dataset_v7_clean\train\drive\drive_train_128.avi,0,GOOD
drive_train_129.avi,drive,train,data\dataset_v7_clean\train\drive\drive_train_129.avi,0,GOOD
drive_train_130.avi,drive,train,data\dataset_v7_clean\train\drive\drive_train_130.avi,0,GOOD
drive_train_131.avi,drive,train,data\dataset_v7_clean\train\drive\drive_train_131.avi,0,GOOD
drive_train_132.avi,drive,train,data\dataset_v7_clean\train\drive\drive_train_132.avi,0,GOOD
drive_train_133.mp4,drive,train,data\dataset_v7_clean\train\drive\drive_train_133.mp4,0,GOOD
drive_train_134.avi,drive,train,data\dataset_v7_clean\train\drive\drive_train_134.avi,0,GOOD
drive_train_135.avi,drive,train,data\dataset_v7_clean\train\drive\drive_train_135.avi,0,GOOD
drive_train_136.avi,drive,train,data\dataset_v7_clean\train\drive\drive_train_136.avi,0,GOOD
drive_train_137.avi,drive,train,data\dataset_v7_clean\train\drive\drive_train_137.avi,0,GOOD
drive_train_138.avi,drive,train,data\dataset_v7_clean\train\drive\drive_train_138.avi,0,GOOD
drive_train_139.avi,drive,train,data\dataset_v7_clean\train\drive\drive_train_139.avi,0,GOOD
drive_train_140.avi,drive,train,data\dataset_v7_clean\train\drive\drive_train_140.avi,0,GOOD
drive_train_141.mp4,drive,train,data\dataset_v7_clean\train\drive\drive_train_141.mp4,0,GOOD
drive_train_142.avi,drive,train,data\dataset_v7_clean\train\drive\drive_train_142.avi,0,GOOD
drive_train_143.avi,drive,train,data\dataset_v7_clean\train\drive\drive_train_143.avi,0,GOOD
drive_train_144.avi,drive,train,data\dataset_v7_clean\train\drive\drive_train_144.avi,0,GOOD
drive_train_145.avi,drive,train,data\dataset_v7_clean\train\drive\drive_train_145.avi,0,GOOD
drive_train_146.avi,drive,train,data\dataset_v7_clean\train\drive\drive_train_146.avi,0,GOOD
drive_train_147.avi,drive,train,data\dataset_v7_clean\train\drive\drive_train_147.avi,0,GOOD
drive_train_148.avi,drive,train,data\dataset_v7_clean\train\drive\drive_train_148.avi,0,GOOD
drive_train_149.avi,drive,train,data\dataset_v7_clean\train\drive\drive_train_149.avi,0,GOOD
drive_train_150.avi,drive,train,data\dataset_v7_clean\train\drive\drive_train_150.avi,0,GOOD
drive_train_151.avi,drive,train,data\dataset_v7_clean\train\drive\drive_train_151.avi,0,GOOD
drive_train_152.avi,drive,train,data\dataset_v7_clean\train\drive\drive_train_152.avi,0,GOOD
drive_train_153.mp4,drive,train,data\dataset_v7_clean\train\drive\drive_train_153.mp4,0,GOOD
drive_train_154.mp4,drive,train,data\dataset_v7_clean\train\drive\drive_train_154.mp4,0,GOOD
drive_train_155.avi,drive,train,data\dataset_v7_clean\train\drive\drive_train_155.avi,0,GOOD
drive_train_156.avi,drive,train,data\dataset_v7_clean\train\drive\drive_train_156.avi,0,GOOD
drive_train_157.avi,drive,train,data\dataset_v7_clean\train\drive\drive_train_157.avi,0,GOOD
drive_train_158.mp4,drive,train,data\dataset_v7_clean\train\drive\drive_train_158.mp4,0,GOOD
drive_train_159.avi,drive,train,data\dataset_v7_clean\train\drive\drive_train_159.avi,0,GOOD
drive_train_160.avi,drive,train,data\dataset_v7_clean\train\drive\drive_train_160.avi,0,GOOD
drive_train_161.mp4,drive,train,data\dataset_v7_clean\train\drive\drive_train_161.mp4,0,GOOD
drive_train_162.avi,drive,train,data\dataset_v7_clean\train\drive\drive_train_162.avi,0,GOOD
drive_train_163.avi,drive,train,data\dataset_v7_clean\train\drive\drive_train_163.avi,0,GOOD
drive_train_164.avi,drive,train,data\dataset_v7_clean\train\drive\drive_train_164.avi,0,GOOD
drive_train_165.avi,drive,train,data\dataset_v7_clean\train\drive\drive_train_165.avi,0,GOOD
drive_train_166.mp4,drive,train,data\dataset_v7_clean\train\drive\drive_train_166.mp4,0,GOOD
drive_train_167.avi,drive,train,data\dataset_v7_clean\train\drive\drive_train_167.avi,0,GOOD
drive_train_168.avi,drive,train,data\dataset_v7_clean\train\drive\drive_train_168.avi,0,GOOD
drive_train_169.avi,drive,train,data\dataset_v7_clean\train\drive\drive_train_169.avi,0,GOOD
drive_train_170.mp4,drive,train,data\dataset_v7_clean\train\drive\drive_train_170.mp4,0,GOOD
drive_train_171.avi,drive,train,data\dataset_v7_clean\train\drive\drive_train_171.avi,0,GOOD
drive_train_172.mp4,drive,train,data\dataset_v7_clean\train\drive\drive_train_172.mp4,0,GOOD
drive_train_173.avi,drive,train,data\dataset_v7_clean\train\drive\drive_train_173.avi,0,GOOD
drive_train_174.avi,drive,train,data\dataset_v7_clean\train\drive\drive_train_174.avi,0,GOOD
drive_train_175.avi,drive,train,data\dataset_v7_clean\train\drive\drive_train_175.avi,0,GOOD
drive_train_176.avi,drive,train,data\dataset_v7_clean\train\drive\drive_train_176.avi,0,GOOD
drive_train_177.avi,drive,train,data\dataset_v7_clean\train\drive\drive_train_177.avi,0,GOOD
drive_train_178.avi,drive,train,data\dataset_v7_clean\train\drive\drive_train_178.avi,0,GOOD
drive_train_179.avi,drive,train,data\dataset_v7_clean\train\drive\drive_train_179.avi,0,GOOD
drive_train_180.mp4,drive,train,data\dataset_v7_clean\train\drive\drive_train_180.mp4,0,GOOD
drive_train_181.avi,drive,train,data\dataset_v7_clean\train\drive\drive_train_181.avi,0,GOOD
drive_train_182.avi,drive,train,data\dataset_v7_clean\train\drive\drive_train_182.avi,0,GOOD
drive_train_183.avi,drive,train,data\dataset_v7_clean\train\drive\drive_train_183.avi,0,GOOD
drive_train_184.mp4,drive,train,data\dataset_v7_clean\train\drive\drive_train_184.mp4,0,GOOD
drive_train_185.avi,drive,train,data\dataset_v7_clean\train\drive\drive_train_185.avi,0,GOOD
drive_train_186.avi,drive,train,data\dataset_v7_clean\train\drive\drive_train_186.avi,0,GOOD
drive_train_187.avi,drive,train,data\dataset_v7_clean\train\drive\drive_train_187.avi,0,GOOD
drive_train_188.avi,drive,train,data\dataset_v7_clean\train\drive\drive_train_188.avi,0,GOOD
drive_train_189.avi,drive,train,data\dataset_v7_clean\train\drive\drive_train_189.avi,0,GOOD
drive_train_190.avi,drive,train,data\dataset_v7_clean\train\drive\drive_train_190.avi,0,GOOD
drive_train_191.avi,drive,train,data\dataset_v7_clean\train\drive\drive_train_191.avi,0,GOOD
drive_train_192.avi,drive,train,data\dataset_v7_clean\train\drive\drive_train_192.avi,0,GOOD
drive_train_193.avi,drive,train,data\dataset_v7_clean\train\drive\drive_train_193.avi,0,GOOD
drive_train_194.avi,drive,train,data\dataset_v7_clean\train\drive\drive_train_194.avi,0,GOOD
drive_train_195.avi,drive,train,data\dataset_v7_clean\train\drive\drive_train_195.avi,0,GOOD
drive_train_196.avi,drive,train,data\dataset_v7_clean\train\drive\drive_train_196.avi,0,GOOD
drive_train_197.avi,drive,train,data\dataset_v7_clean\train\drive\drive_train_197.avi,0,GOOD
drive_train_198.avi,drive,train,data\dataset_v7_clean\train\drive\drive_train_198.avi,0,GOOD
drive_train_199.avi,drive,train,data\dataset_v7_clean\train\drive\drive_train_199.avi,0,GOOD
drive_train_200.avi,drive,train,data\dataset_v7_clean\train\drive\drive_train_200.avi,0,GOOD
drive_train_201.avi,drive,train,data\dataset_v7_clean\train\drive\drive_train_201.avi,0,GOOD
drive_train_202.avi,drive,train,data\dataset_v7_clean\train\drive\drive_train_202.avi,0,GOOD
drive_train_203.avi,drive,train,data\dataset_v7_clean\train\drive\drive_train_203.avi,0,GOOD
drive_train_204.avi,drive,train,data\dataset_v7_clean\train\drive\drive_train_204.avi,0,GOOD
drive_train_205.avi,drive,train,data\dataset_v7_clean\train\drive\drive_train_205.avi,0,GOOD
drive_train_206.avi,drive,train,data\dataset_v7_clean\train\drive\drive_train_206.avi,0,GOOD
drive_train_207.avi,drive,train,data\dataset_v7_clean\train\drive\drive_train_207.avi,0,GOOD
drive_train_208.avi,drive,train,data\dataset_v7_clean\train\drive\drive_train_208.avi,0,GOOD
drive_train_209.avi,drive,train,data\dataset_v7_clean\train\drive\drive_train_209.avi,0,GOOD
drive_train_210.avi,drive,train,data\dataset_v7_clean\train\drive\drive_train_210.avi,0,GOOD
drive_train_211.avi,drive,train,data\dataset_v7_clean\train\drive\drive_train_211.avi,0,GOOD
drive_train_212.avi,drive,train,data\dataset_v7_clean\train\drive\drive_train_212.avi,0,GOOD
drive_train_213.avi,drive,train,data\dataset_v7_clean\train\drive\drive_train_213.avi,0,GOOD
drive_train_214.avi,drive,train,data\dataset_v7_clean\train\drive\drive_train_214.avi,0,GOOD
drive_train_215.avi,drive,train,data\dataset_v7_clean\train\drive\drive_train_215.avi,0,GOOD
drive_train_216.mp4,drive,train,data\dataset_v7_clean\train\drive\drive_train_216.mp4,0,GOOD
drive_train_217.avi,drive,train,data\dataset_v7_clean\train\drive\drive_train_217.avi,0,GOOD
drive_train_218.avi,drive,train,data\dataset_v7_clean\train\drive\drive_train_218.avi,0,GOOD
drive_train_219.avi,drive,train,data\dataset_v7_clean\train\drive\drive_train_219.avi,0,GOOD
drive_train_220.avi,drive,train,data\dataset_v7_clean\train\drive\drive_train_220.avi,0,GOOD
drive_train_221.avi,drive,train,data\dataset_v7_clean\train\drive\drive_train_221.avi,0,GOOD
drive_train_222.avi,drive,train,data\dataset_v7_clean\train\drive\drive_train_222.avi,0,GOOD
drive_train_223.avi,drive,train,data\dataset_v7_clean\train\drive\drive_train_223.avi,0,GOOD
drive_train_224.avi,drive,train,data\dataset_v7_clean\train\drive\drive_train_224.avi,0,GOOD
drive_train_225.avi,drive,train,data\dataset_v7_clean\train\drive\drive_train_225.avi,0,GOOD
drive_train_226.avi,drive,train,data\dataset_v7_clean\train\drive\drive_train_226.avi,0,GOOD
drive_train_227.avi,drive,train,data\dataset_v7_clean\train\drive\drive_train_227.avi,0,GOOD
drive_train_228.avi,drive,train,data\dataset_v7_clean\train\drive\drive_train_228.avi,0,GOOD
drive_train_229.avi,drive,train,data\dataset_v7_clean\train\drive\drive_train_229.avi,0,GOOD
drive_train_230.avi,drive,train,data\dataset_v7_clean\train\drive\drive_train_230.avi,0,GOOD
drive_train_231.avi,drive,train,data\dataset_v7_clean\train\drive\drive_train_231.avi,0,GOOD
drive_train_232.avi,drive,train,data\dataset_v7_clean\train\drive\drive_train_232.avi,0,GOOD
drive_train_233.avi,drive,train,data\dataset_v7_clean\train\drive\drive_train_233.avi,0,GOOD
drive_train_234.mp4,drive,train,data\dataset_v7_clean\train\drive\drive_train_234.mp4,0,GOOD
drive_train_235.avi,drive,train,data\dataset_v7_clean\train\drive\drive_train_235.avi,0,GOOD
drive_train_236.avi,drive,train,data\dataset_v7_clean\train\drive\drive_train_236.avi,0,GOOD
drive_train_237.avi,drive,train,data\dataset_v7_clean\train\drive\drive_train_237.avi,0,GOOD
drive_train_238.mp4,drive,train,data\dataset_v7_clean\train\drive\drive_train_238.mp4,0,GOOD
drive_train_239.avi,drive,train,data\dataset_v7_clean\train\drive\drive_train_239.avi,0,GOOD
drive_train_240.avi,drive,train,data\dataset_v7_clean\train\drive\drive_train_240.avi,0,GOOD
drive_train_241.avi,drive,train,data\dataset_v7_clean\train\drive\drive_train_241.avi,0,GOOD
drive_train_242.mp4,drive,train,data\dataset_v7_clean\train\drive\drive_train_242.mp4,0,GOOD
drive_train_243.avi,drive,train,data\dataset_v7_clean\train\drive\drive_train_243.avi,0,GOOD
drive_train_244.avi,drive,train,data\dataset_v7_clean\train\drive\drive_train_244.avi,0,GOOD
drive_train_245.avi,drive,train,data\dataset_v7_clean\train\drive\drive_train_245.avi,0,GOOD
drive_train_246.avi,drive,train,data\dataset_v7_clean\train\drive\drive_train_246.avi,0,GOOD
drive_train_247.avi,drive,train,data\dataset_v7_clean\train\drive\drive_train_247.avi,0,GOOD
drive_train_248.avi,drive,train,data\dataset_v7_clean\train\drive\drive_train_248.avi,0,GOOD
drive_train_249.avi,drive,train,data\dataset_v7_clean\train\drive\drive_train_249.avi,0,GOOD
drive_train_250.mp4,drive,train,data\dataset_v7_clean\train\drive\drive_train_250.mp4,0,GOOD
drive_train_251.avi,drive,train,data\dataset_v7_clean\train\drive\drive_train_251.avi,0,GOOD
drive_train_252.avi,drive,train,data\dataset_v7_clean\train\drive\drive_train_252.avi,0,GOOD
drive_train_253.avi,drive,train,data\dataset_v7_clean\train\drive\drive_train_253.avi,0,GOOD
drive_train_254.avi,drive,train,data\dataset_v7_clean\train\drive\drive_train_254.avi,0,GOOD
drive_train_255.avi,drive,train,data\dataset_v7_clean\train\drive\drive_train_255.avi,0,GOOD
drive_train_256.avi,drive,train,data\dataset_v7_clean\train\drive\drive_train_256.avi,0,GOOD
drive_train_257.avi,drive,train,data\dataset_v7_clean\train\drive\drive_train_257.avi,0,GOOD
drive_train_258.avi,drive,train,data\dataset_v7_clean\train\drive\drive_train_258.avi,0,GOOD
drive_train_259.avi,drive,train,data\dataset_v7_clean\train\drive\drive_train_259.avi,0,GOOD
drive_train_260.avi,drive,train,data\dataset_v7_clean\train\drive\drive_train_260.avi,0,GOOD
drive_train_261.avi,drive,train,data\dataset_v7_clean\train\drive\drive_train_261.avi,0,GOOD
drive_train_262.avi,drive,train,data\dataset_v7_clean\train\drive\drive_train_262.avi,0,GOOD
drive_train_263.avi,drive,train,data\dataset_v7_clean\train\drive\drive_train_263.avi,0,GOOD
drive_train_264.avi,drive,train,data\dataset_v7_clean\train\drive\drive_train_264.avi,0,GOOD
drive_train_265.avi,drive,train,data\dataset_v7_clean\train\drive\drive_train_265.avi,0,GOOD
drive_train_266.avi,drive,train,data\dataset_v7_clean\train\drive\drive_train_266.avi,0,GOOD
drive_train_267.avi,drive,train,data\dataset_v7_clean\train\drive\drive_train_267.avi,0,GOOD
drive_train_268.avi,drive,train,data\dataset_v7_clean\train\drive\drive_train_268.avi,0,GOOD
drive_train_269.mp4,drive,train,data\dataset_v7_clean\train\drive\drive_train_269.mp4,0,GOOD
drive_train_270.avi,drive,train,data\dataset_v7_clean\train\drive\drive_train_270.avi,0,GOOD
drive_train_271.avi,drive,train,data\dataset_v7_clean\train\drive\drive_train_271.avi,0,GOOD
drive_train_272.avi,drive,train,data\dataset_v7_clean\train\drive\drive_train_272.avi,0,GOOD
drive_train_273.avi,drive,train,data\dataset_v7_clean\train\drive\drive_train_273.avi,0,GOOD
drive_train_274.avi,drive,train,data\dataset_v7_clean\train\drive\drive_train_274.avi,0,GOOD
drive_train_275.avi,drive,train,data\dataset_v7_clean\train\drive\drive_train_275.avi,0,GOOD
drive_train_276.avi,drive,train,data\dataset_v7_clean\train\drive\drive_train_276.avi,0,GOOD
drive_train_277.avi,drive,train,data\dataset_v7_clean\train\drive\drive_train_277.avi,0,GOOD
drive_train_278.avi,drive,train,data\dataset_v7_clean\train\drive\drive_train_278.avi,0,GOOD
drive_train_279.avi,drive,train,data\dataset_v7_clean\train\drive\drive_train_279.avi,0,GOOD
drive_train_280.avi,drive,train,data\dataset_v7_clean\train\drive\drive_train_280.avi,0,GOOD
drive_train_281.avi,drive,train,data\dataset_v7_clean\train\drive\drive_train_281.avi,0,GOOD
drive_train_282.avi,drive,train,data\dataset_v7_clean\train\drive\drive_train_282.avi,0,GOOD
drive_train_283.avi,drive,train,data\dataset_v7_clean\train\drive\drive_train_283.avi,0,GOOD
drive_train_284.avi,drive,train,data\dataset_v7_clean\train\drive\drive_train_284.avi,0,GOOD
drive_train_285.avi,drive,train,data\dataset_v7_clean\train\drive\drive_train_285.avi,0,GOOD
drive_train_286.avi,drive,train,data\dataset_v7_clean\train\drive\drive_train_286.avi,0,GOOD
drive_train_287.avi,drive,train,data\dataset_v7_clean\train\drive\drive_train_287.avi,0,GOOD
drive_train_288.avi,drive,train,data\dataset_v7_clean\train\drive\drive_train_288.avi,0,GOOD
drive_train_289.avi,drive,train,data\dataset_v7_clean\train\drive\drive_train_289.avi,0,GOOD
drive_train_290.avi,drive,train,data\dataset_v7_clean\train\drive\drive_train_290.avi,0,GOOD
drive_train_291.avi,drive,train,data\dataset_v7_clean\train\drive\drive_train_291.avi,0,GOOD
drive_train_292.avi,drive,train,data\dataset_v7_clean\train\drive\drive_train_292.avi,0,GOOD
drive_train_293.avi,drive,train,data\dataset_v7_clean\train\drive\drive_train_293.avi,0,GOOD
drive_train_294.avi,drive,train,data\dataset_v7_clean\train\drive\drive_train_294.avi,0,GOOD
drive_train_295.avi,drive,train,data\dataset_v7_clean\train\drive\drive_train_295.avi,0,GOOD
drive_train_296.avi,drive,train,data\dataset_v7_clean\train\drive\drive_train_296.avi,0,GOOD
drive_train_297.avi,drive,train,data\dataset_v7_clean\train\drive\drive_train_297.avi,0,GOOD
drive_train_298.avi,drive,train,data\dataset_v7_clean\train\drive\drive_train_298.avi,0,GOOD
drive_train_299.avi,drive,train,data\dataset_v7_clean\train\drive\drive_train_299.avi,0,GOOD
drive_train_300.avi,drive,train,data\dataset_v7_clean\train\drive\drive_train_300.avi,0,GOOD
drive_train_301.avi,drive,train,data\dataset_v7_clean\train\drive\drive_train_301.avi,0,GOOD
drive_train_302.avi,drive,train,data\dataset_v7_clean\train\drive\drive_train_302.avi,0,GOOD
drive_train_303.avi,drive,train,data\dataset_v7_clean\train\drive\drive_train_303.avi,0,GOOD
drive_train_304.avi,drive,train,data\dataset_v7_clean\train\drive\drive_train_304.avi,0,GOOD
drive_train_305.avi,drive,train,data\dataset_v7_clean\train\drive\drive_train_305.avi,0,GOOD
drive_train_306.avi,drive,train,data\dataset_v7_clean\train\drive\drive_train_306.avi,0,GOOD
drive_train_307.avi,drive,train,data\dataset_v7_clean\train\drive\drive_train_307.avi,0,GOOD
drive_train_308.avi,drive,train,data\dataset_v7_clean\train\drive\drive_train_308.avi,0,GOOD
drive_train_309.avi,drive,train,data\dataset_v7_clean\train\drive\drive_train_309.avi,0,GOOD
drive_train_310.avi,drive,train,data\dataset_v7_clean\train\drive\drive_train_310.avi,0,GOOD
drive_train_311.avi,drive,train,data\dataset_v7_clean\train\drive\drive_train_311.avi,0,GOOD
drive_train_312.avi,drive,train,data\dataset_v7_clean\train\drive\drive_train_312.avi,0,GOOD
drive_train_313.avi,drive,train,data\dataset_v7_clean\train\drive\drive_train_313.avi,0,GOOD
drive_train_314.avi,drive,train,data\dataset_v7_clean\train\drive\drive_train_314.avi,0,GOOD
drive_train_315.avi,drive,train,data\dataset_v7_clean\train\drive\drive_train_315.avi,0,GOOD
drive_train_316.mp4,drive,train,data\dataset_v7_clean\train\drive\drive_train_316.mp4,0,GOOD
drive_train_317.avi,drive,train,data\dataset_v7_clean\train\drive\drive_train_317.avi,0,GOOD
drive_train_318.avi,drive,train,data\dataset_v7_clean\train\drive\drive_train_318.avi,0,GOOD
drive_train_319.avi,drive,train,data\dataset_v7_clean\train\drive\drive_train_319.avi,0,GOOD
drive_train_320.avi,drive,train,data\dataset_v7_clean\train\drive\drive_train_320.avi,0,GOOD
drive_train_321.avi,drive,train,data\dataset_v7_clean\train\drive\drive_train_321.avi,0,GOOD
drive_train_322.avi,drive,train,data\dataset_v7_clean\train\drive\drive_train_322.avi,0,GOOD
drive_train_323.avi,drive,train,data\dataset_v7_clean\train\drive\drive_train_323.avi,0,GOOD
drive_train_324.avi,drive,train,data\dataset_v7_clean\train\drive\drive_train_324.avi,0,GOOD
drive_train_325.mp4,drive,train,data\dataset_v7_clean\train\drive\drive_train_325.mp4,0,GOOD
drive_train_326.avi,drive,train,data\dataset_v7_clean\train\drive\drive_train_326.avi,0,GOOD
drive_train_327.avi,drive,train,data\dataset_v7_clean\train\drive\drive_train_327.avi,0,GOOD
drive_train_328.avi,drive,train,data\dataset_v7_clean\train\drive\drive_train_328.avi,0,GOOD
drive_train_329.avi,drive,train,data\dataset_v7_clean\train\drive\drive_train_329.avi,0,GOOD
drive_train_330.avi,drive,train,data\dataset_v7_clean\train\drive\drive_train_330.avi,0,GOOD
drive_train_331.avi,drive,train,data\dataset_v7_clean\train\drive\drive_train_331.avi,0,GOOD
drive_train_332.avi,drive,train,data\dataset_v7_clean\train\drive\drive_train_332.avi,0,GOOD
drive_train_333.mp4,drive,train,data\dataset_v7_clean\train\drive\drive_train_333.mp4,0,GOOD
drive_train_334.avi,drive,train,data\dataset_v7_clean\train\drive\drive_train_334.avi,0,GOOD
drive_train_335.avi,drive,train,data\dataset_v7_clean\train\drive\drive_train_335.avi,0,GOOD
drive_train_336.avi,drive,train,data\dataset_v7_clean\train\drive\drive_train_336.avi,0,GOOD
drive_train_337.avi,drive,train,data\dataset_v7_clean\train\drive\drive_train_337.avi,0,GOOD
drive_train_338.avi,drive,train,data\dataset_v7_clean\train\drive\drive_train_338.avi,0,GOOD
drive_train_339.avi,drive,train,data\dataset_v7_clean\train\drive\drive_train_339.avi,0,GOOD
drive_train_340.avi,drive,train,data\dataset_v7_clean\train\drive\drive_train_340.avi,0,GOOD
drive_train_341.avi,drive,train,data\dataset_v7_clean\train\drive\drive_train_341.avi,0,GOOD
drive_train_342.avi,drive,train,data\dataset_v7_clean\train\drive\drive_train_342.avi,0,GOOD
drive_train_343.avi,drive,train,data\dataset_v7_clean\train\drive\drive_train_343.avi,0,GOOD
drive_train_344.avi,drive,train,data\dataset_v7_clean\train\drive\drive_train_344.avi,0,GOOD
drive_train_345.avi,drive,train,data\dataset_v7_clean\train\drive\drive_train_345.avi,0,GOOD
drive_train_346.avi,drive,train,data\dataset_v7_clean\train\drive\drive_train_346.avi,0,GOOD
drive_train_347.avi,drive,train,data\dataset_v7_clean\train\drive\drive_train_347.avi,0,GOOD
drive_train_348.avi,drive,train,data\dataset_v7_clean\train\drive\drive_train_348.avi,0,GOOD
drive_train_349.avi,drive,train,data\dataset_v7_clean\train\drive\drive_train_349.avi,0,GOOD
drive_train_350.avi,drive,train,data\dataset_v7_clean\train\drive\drive_train_350.avi,0,GOOD
drive_train_351.avi,drive,train,data\dataset_v7_clean\train\drive\drive_train_351.avi,0,GOOD
drive_train_352.avi,drive,train,data\dataset_v7_clean\train\drive\drive_train_352.avi,0,GOOD
drive_train_353.avi,drive,train,data\dataset_v7_clean\train\drive\drive_train_353.avi,0,GOOD
drive_train_354.avi,drive,train,data\dataset_v7_clean\train\drive\drive_train_354.avi,0,GOOD
drive_train_355.mp4,drive,train,data\dataset_v7_clean\train\drive\drive_train_355.mp4,0,GOOD
drive_train_356.avi,drive,train,data\dataset_v7_clean\train\drive\drive_train_356.avi,0,GOOD
drive_train_357.avi,drive,train,data\dataset_v7_clean\train\drive\drive_train_357.avi,0,GOOD
drive_train_358.avi,drive,train,data\dataset_v7_clean\train\drive\drive_train_358.avi,0,GOOD
drive_train_359.avi,drive,train,data\dataset_v7_clean\train\drive\drive_train_359.avi,0,GOOD
drive_train_360.avi,drive,train,data\dataset_v7_clean\train\drive\drive_train_360.avi,0,GOOD
drive_train_361.avi,drive,train,data\dataset_v7_clean\train\drive\drive_train_361.avi,0,GOOD
drive_train_362.avi,drive,train,data\dataset_v7_clean\train\drive\drive_train_362.avi,0,GOOD
drive_train_363.avi,drive,train,data\dataset_v7_clean\train\drive\drive_train_363.avi,0,GOOD
drive_train_364.avi,drive,train,data\dataset_v7_clean\train\drive\drive_train_364.avi,0,GOOD
drive_train_365.avi,drive,train,data\dataset_v7_clean\train\drive\drive_train_365.avi,0,GOOD
drive_train_366.avi,drive,train,data\dataset_v7_clean\train\drive\drive_train_366.avi,0,GOOD
drive_train_367.avi,drive,train,data\dataset_v7_clean\train\drive\drive_train_367.avi,0,GOOD
drive_train_368.avi,drive,train,data\dataset_v7_clean\train\drive\drive_train_368.avi,0,GOOD
drive_train_369.avi,drive,train,data\dataset_v7_clean\train\drive\drive_train_369.avi,0,GOOD
drive_train_370.avi,drive,train,data\dataset_v7_clean\train\drive\drive_train_370.avi,0,GOOD
drive_train_371.avi,drive,train,data\dataset_v7_clean\train\drive\drive_train_371.avi,0,GOOD
drive_train_372.avi,drive,train,data\dataset_v7_clean\train\drive\drive_train_372.avi,0,GOOD
drive_train_373.avi,drive,train,data\dataset_v7_clean\train\drive\drive_train_373.avi,0,GOOD
drive_train_374.mp4,drive,train,data\dataset_v7_clean\train\drive\drive_train_374.mp4,0,GOOD
drive_train_375.avi,drive,train,data\dataset_v7_clean\train\drive\drive_train_375.avi,0,GOOD
drive_train_376.mp4,drive,train,data\dataset_v7_clean\train\drive\drive_train_376.mp4,0,GOOD
drive_train_377.avi,drive,train,data\dataset_v7_clean\train\drive\drive_train_377.avi,0,GOOD
drive_train_378.avi,drive,train,data\dataset_v7_clean\train\drive\drive_train_378.avi,0,GOOD
drive_train_379.avi,drive,train,data\dataset_v7_clean\train\drive\drive_train_379.avi,0,GOOD
drive_train_380.avi,drive,train,data\dataset_v7_clean\train\drive\drive_train_380.avi,0,GOOD
drive_train_381.avi,drive,train,data\dataset_v7_clean\train\drive\drive_train_381.avi,0,GOOD
drive_val_001.avi,drive,val,data\dataset_v7_clean\val\drive\drive_val_001.avi,0,GOOD
drive_val_002.avi,drive,val,data\dataset_v7_clean\val\drive\drive_val_002.avi,0,GOOD
drive_val_003.avi,drive,val,data\dataset_v7_clean\val\drive\drive_val_003.avi,0,GOOD
drive_val_004.avi,drive,val,data\dataset_v7_clean\val\drive\drive_val_004.avi,0,GOOD
drive_val_005.avi,drive,val,data\dataset_v7_clean\val\drive\drive_val_005.avi,0,GOOD
drive_val_006.avi,drive,val,data\dataset_v7_clean\val\drive\drive_val_006.avi,0,GOOD
drive_val_007.avi,drive,val,data\dataset_v7_clean\val\drive\drive_val_007.avi,0,GOOD
drive_val_008.avi,drive,val,data\dataset_v7_clean\val\drive\drive_val_008.avi,0,GOOD
drive_val_009.avi,drive,val,data\dataset_v7_clean\val\drive\drive_val_009.avi,0,GOOD
drive_val_010.avi,drive,val,data\dataset_v7_clean\val\drive\drive_val_010.avi,0,GOOD
drive_val_011.avi,drive,val,data\dataset_v7_clean\val\drive\drive_val_011.avi,0,GOOD
drive_val_012.mp4,drive,val,data\dataset_v7_clean\val\drive\drive_val_012.mp4,0,GOOD
drive_val_013.avi,drive,val,data\dataset_v7_clean\val\drive\drive_val_013.avi,0,GOOD
drive_val_014.avi,drive,val,data\dataset_v7_clean\val\drive\drive_val_014.avi,0,GOOD
drive_val_015.avi,drive,val,data\dataset_v7_clean\val\drive\drive_val_015.avi,0,GOOD
drive_val_016.avi,drive,val,data\dataset_v7_clean\val\drive\drive_val_016.avi,0,GOOD
drive_val_017.avi,drive,val,data\dataset_v7_clean\val\drive\drive_val_017.avi,0,GOOD
drive_val_018.avi,drive,val,data\dataset_v7_clean\val\drive\drive_val_018.avi,0,GOOD
drive_val_019.avi,drive,val,data\dataset_v7_clean\val\drive\drive_val_019.avi,0,GOOD
drive_val_020.mp4,drive,val,data\dataset_v7_clean\val\drive\drive_val_020.mp4,0,GOOD
drive_val_021.avi,drive,val,data\dataset_v7_clean\val\drive\drive_val_021.avi,0,GOOD
drive_val_022.avi,drive,val,data\dataset_v7_clean\val\drive\drive_val_022.avi,0,GOOD
drive_val_023.avi,drive,val,data\dataset_v7_clean\val\drive\drive_val_023.avi,0,GOOD
drive_val_024.avi,drive,val,data\dataset_v7_clean\val\drive\drive_val_024.avi,0,GOOD
drive_val_025.avi,drive,val,data\dataset_v7_clean\val\drive\drive_val_025.avi,0,GOOD
drive_val_026.avi,drive,val,data\dataset_v7_clean\val\drive\drive_val_026.avi,0,GOOD
drive_val_027.avi,drive,val,data\dataset_v7_clean\val\drive\drive_val_027.avi,0,GOOD
drive_val_028.avi,drive,val,data\dataset_v7_clean\val\drive\drive_val_028.avi,0,GOOD
drive_val_029.avi,drive,val,data\dataset_v7_clean\val\drive\drive_val_029.avi,0,GOOD
drive_val_030.avi,drive,val,data\dataset_v7_clean\val\drive\drive_val_030.avi,0,GOOD
drive_val_031.avi,drive,val,data\dataset_v7_clean\val\drive\drive_val_031.avi,0,GOOD
drive_val_032.avi,drive,val,data\dataset_v7_clean\val\drive\drive_val_032.avi,0,GOOD
drive_val_033.avi,drive,val,data\dataset_v7_clean\val\drive\drive_val_033.avi,0,GOOD
drive_val_034.mp4,drive,val,data\dataset_v7_clean\val\drive\drive_val_034.mp4,0,GOOD
drive_val_035.avi,drive,val,data\dataset_v7_clean\val\drive\drive_val_035.avi,0,GOOD
drive_val_036.avi,drive,val,data\dataset_v7_clean\val\drive\drive_val_036.avi,0,GOOD
drive_val_037.avi,drive,val,data\dataset_v7_clean\val\drive\drive_val_037.avi,0,GOOD
drive_val_038.avi,drive,val,data\dataset_v7_clean\val\drive\drive_val_038.avi,0,GOOD
drive_val_039.mp4,drive,val,data\dataset_v7_clean\val\drive\drive_val_039.mp4,0,GOOD
drive_val_040.avi,drive,val,data\dataset_v7_clean\val\drive\drive_val_040.avi,0,GOOD
drive_val_041.avi,drive,val,data\dataset_v7_clean\val\drive\drive_val_041.avi,0,GOOD
drive_val_042.mp4,drive,val,data\dataset_v7_clean\val\drive\drive_val_042.mp4,0,GOOD
drive_val_043.avi,drive,val,data\dataset_v7_clean\val\drive\drive_val_043.avi,0,GOOD
drive_val_044.avi,drive,val,data\dataset_v7_clean\val\drive\drive_val_044.avi,0,GOOD
drive_val_045.avi,drive,val,data\dataset_v7_clean\val\drive\drive_val_045.avi,0,GOOD
pull_test_001.avi,pull,test,data\dataset_v7_clean\test\pull\pull_test_001.avi,0,GOOD
pull_test_002.avi,pull,test,data\dataset_v7_clean\test\pull\pull_test_002.avi,0,GOOD
pull_test_003.avi,pull,test,data\dataset_v7_clean\test\pull\pull_test_003.avi,0,GOOD
pull_test_004.mp4,pull,test,data\dataset_v7_clean\test\pull\pull_test_004.mp4,0,GOOD
pull_test_005.avi,pull,test,data\dataset_v7_clean\test\pull\pull_test_005.avi,0,GOOD
pull_test_006.avi,pull,test,data\dataset_v7_clean\test\pull\pull_test_006.avi,0,GOOD
pull_test_007.avi,pull,test,data\dataset_v7_clean\test\pull\pull_test_007.avi,0,GOOD
pull_test_008.mp4,pull,test,data\dataset_v7_clean\test\pull\pull_test_008.mp4,0,GOOD
pull_test_009.avi,pull,test,data\dataset_v7_clean\test\pull\pull_test_009.avi,0,GOOD
pull_test_010.mp4,pull,test,data\dataset_v7_clean\test\pull\pull_test_010.mp4,0,GOOD
pull_test_011.avi,pull,test,data\dataset_v7_clean\test\pull\pull_test_011.avi,0,GOOD
pull_test_012.avi,pull,test,data\dataset_v7_clean\test\pull\pull_test_012.avi,0,GOOD
pull_test_013.avi,pull,test,data\dataset_v7_clean\test\pull\pull_test_013.avi,0,GOOD
pull_test_014.avi,pull,test,data\dataset_v7_clean\test\pull\pull_test_014.avi,0,GOOD
pull_test_015.avi,pull,test,data\dataset_v7_clean\test\pull\pull_test_015.avi,0,GOOD
pull_test_016.avi,pull,test,data\dataset_v7_clean\test\pull\pull_test_016.avi,0,GOOD
pull_test_017.avi,pull,test,data\dataset_v7_clean\test\pull\pull_test_017.avi,0,GOOD
pull_test_018.avi,pull,test,data\dataset_v7_clean\test\pull\pull_test_018.avi,0,GOOD
pull_test_019.avi,pull,test,data\dataset_v7_clean\test\pull\pull_test_019.avi,0,GOOD
pull_test_020.avi,pull,test,data\dataset_v7_clean\test\pull\pull_test_020.avi,0,GOOD
pull_test_021.avi,pull,test,data\dataset_v7_clean\test\pull\pull_test_021.avi,0,GOOD
pull_test_022.avi,pull,test,data\dataset_v7_clean\test\pull\pull_test_022.avi,0,GOOD
pull_test_023.avi,pull,test,data\dataset_v7_clean\test\pull\pull_test_023.avi,0,GOOD
pull_test_024.avi,pull,test,data\dataset_v7_clean\test\pull\pull_test_024.avi,0,GOOD
pull_test_025.avi,pull,test,data\dataset_v7_clean\test\pull\pull_test_025.avi,0,GOOD
pull_test_026.avi,pull,test,data\dataset_v7_clean\test\pull\pull_test_026.avi,0,GOOD
pull_test_027.avi,pull,test,data\dataset_v7_clean\test\pull\pull_test_027.avi,0,GOOD
pull_test_028.avi,pull,test,data\dataset_v7_clean\test\pull\pull_test_028.avi,0,GOOD
pull_test_029.avi,pull,test,data\dataset_v7_clean\test\pull\pull_test_029.avi,0,GOOD
pull_test_030.avi,pull,test,data\dataset_v7_clean\test\pull\pull_test_030.avi,0,GOOD
pull_test_031.avi,pull,test,data\dataset_v7_clean\test\pull\pull_test_031.avi,0,GOOD
pull_test_032.avi,pull,test,data\dataset_v7_clean\test\pull\pull_test_032.avi,0,GOOD
pull_test_033.avi,pull,test,data\dataset_v7_clean\test\pull\pull_test_033.avi,0,GOOD
pull_test_034.avi,pull,test,data\dataset_v7_clean\test\pull\pull_test_034.avi,0,GOOD
pull_test_035.avi,pull,test,data\dataset_v7_clean\test\pull\pull_test_035.avi,0,GOOD
pull_test_036.mp4,pull,test,data\dataset_v7_clean\test\pull\pull_test_036.mp4,0,GOOD
pull_test_037.avi,pull,test,data\dataset_v7_clean\test\pull\pull_test_037.avi,0,GOOD
pull_test_038.avi,pull,test,data\dataset_v7_clean\test\pull\pull_test_038.avi,0,GOOD
pull_test_039.avi,pull,test,data\dataset_v7_clean\test\pull\pull_test_039.avi,0,GOOD
pull_test_040.avi,pull,test,data\dataset_v7_clean\test\pull\pull_test_040.avi,0,GOOD
pull_test_041.avi,pull,test,data\dataset_v7_clean\test\pull\pull_test_041.avi,0,GOOD
pull_test_042.avi,pull,test,data\dataset_v7_clean\test\pull\pull_test_042.avi,0,GOOD
pull_test_043.mp4,pull,test,data\dataset_v7_clean\test\pull\pull_test_043.mp4,0,GOOD
pull_test_044.avi,pull,test,data\dataset_v7_clean\test\pull\pull_test_044.avi,0,GOOD
pull_test_045.mp4,pull,test,data\dataset_v7_clean\test\pull\pull_test_045.mp4,0,GOOD
pull_test_046.avi,pull,test,data\dataset_v7_clean\test\pull\pull_test_046.avi,0,GOOD
pull_test_047.avi,pull,test,data\dataset_v7_clean\test\pull\pull_test_047.avi,0,GOOD
pull_test_048.mp4,pull,test,data\dataset_v7_clean\test\pull\pull_test_048.mp4,0,GOOD
pull_test_049.avi,pull,test,data\dataset_v7_clean\test\pull\pull_test_049.avi,0,GOOD
pull_test_050.avi,pull,test,data\dataset_v7_clean\test\pull\pull_test_050.avi,0,GOOD
pull_test_051.avi,pull,test,data\dataset_v7_clean\test\pull\pull_test_051.avi,0,GOOD
pull_test_052.avi,pull,test,data\dataset_v7_clean\test\pull\pull_test_052.avi,0,GOOD
pull_test_053.avi,pull,test,data\dataset_v7_clean\test\pull\pull_test_053.avi,0,GOOD
pull_test_054.mp4,pull,test,data\dataset_v7_clean\test\pull\pull_test_054.mp4,0,GOOD
pull_test_055.avi,pull,test,data\dataset_v7_clean\test\pull\pull_test_055.avi,0,GOOD
pull_test_056.mp4,pull,test,data\dataset_v7_clean\test\pull\pull_test_056.mp4,0,GOOD
pull_test_057.mp4,pull,test,data\dataset_v7_clean\test\pull\pull_test_057.mp4,0,GOOD
pull_test_058.avi,pull,test,data\dataset_v7_clean\test\pull\pull_test_058.avi,0,GOOD
pull_test_059.avi,pull,test,data\dataset_v7_clean\test\pull\pull_test_059.avi,0,GOOD
pull_test_060.avi,pull,test,data\dataset_v7_clean\test\pull\pull_test_060.avi,0,GOOD
pull_train_001.mp4,pull,train,data\dataset_v7_clean\train\pull\pull_train_001.mp4,0,GOOD
pull_train_002.avi,pull,train,data\dataset_v7_clean\train\pull\pull_train_002.avi,0,GOOD
pull_train_003.avi,pull,train,data\dataset_v7_clean\train\pull\pull_train_003.avi,0,GOOD
pull_train_004.avi,pull,train,data\dataset_v7_clean\train\pull\pull_train_004.avi,0,GOOD
pull_train_005.avi,pull,train,data\dataset_v7_clean\train\pull\pull_train_005.avi,0,GOOD
pull_train_006.avi,pull,train,data\dataset_v7_clean\train\pull\pull_train_006.avi,0,GOOD
pull_train_007.avi,pull,train,data\dataset_v7_clean\train\pull\pull_train_007.avi,0,GOOD
pull_train_008.avi,pull,train,data\dataset_v7_clean\train\pull\pull_train_008.avi,0,GOOD
pull_train_009.mp4,pull,train,data\dataset_v7_clean\train\pull\pull_train_009.mp4,0,GOOD
pull_train_010.avi,pull,train,data\dataset_v7_clean\train\pull\pull_train_010.avi,0,GOOD
pull_train_011.avi,pull,train,data\dataset_v7_clean\train\pull\pull_train_011.avi,0,GOOD
pull_train_012.avi,pull,train,data\dataset_v7_clean\train\pull\pull_train_012.avi,0,GOOD
pull_train_013.avi,pull,train,data\dataset_v7_clean\train\pull\pull_train_013.avi,0,GOOD
pull_train_014.avi,pull,train,data\dataset_v7_clean\train\pull\pull_train_014.avi,0,GOOD
pull_train_015.avi,pull,train,data\dataset_v7_clean\train\pull\pull_train_015.avi,0,GOOD
pull_train_016.avi,pull,train,data\dataset_v7_clean\train\pull\pull_train_016.avi,0,GOOD
pull_train_017.mp4,pull,train,data\dataset_v7_clean\train\pull\pull_train_017.mp4,0,GOOD
pull_train_018.avi,pull,train,data\dataset_v7_clean\train\pull\pull_train_018.avi,0,GOOD
pull_train_019.avi,pull,train,data\dataset_v7_clean\train\pull\pull_train_019.avi,0,GOOD
pull_train_020.avi,pull,train,data\dataset_v7_clean\train\pull\pull_train_020.avi,0,GOOD
pull_train_021.mp4,pull,train,data\dataset_v7_clean\train\pull\pull_train_021.mp4,0,GOOD
pull_train_022.avi,pull,train,data\dataset_v7_clean\train\pull\pull_train_022.avi,0,GOOD
pull_train_023.avi,pull,train,data\dataset_v7_clean\train\pull\pull_train_023.avi,0,GOOD
pull_train_024.avi,pull,train,data\dataset_v7_clean\train\pull\pull_train_024.avi,0,GOOD
pull_train_025.avi,pull,train,data\dataset_v7_clean\train\pull\pull_train_025.avi,0,GOOD
pull_train_026.mp4,pull,train,data\dataset_v7_clean\train\pull\pull_train_026.mp4,0,GOOD
pull_train_027.avi,pull,train,data\dataset_v7_clean\train\pull\pull_train_027.avi,0,GOOD
pull_train_028.avi,pull,train,data\dataset_v7_clean\train\pull\pull_train_028.avi,0,GOOD
pull_train_029.mp4,pull,train,data\dataset_v7_clean\train\pull\pull_train_029.mp4,0,GOOD
pull_train_030.avi,pull,train,data\dataset_v7_clean\train\pull\pull_train_030.avi,0,GOOD
pull_train_031.mp4,pull,train,data\dataset_v7_clean\train\pull\pull_train_031.mp4,0,GOOD
pull_train_032.avi,pull,train,data\dataset_v7_clean\train\pull\pull_train_032.avi,0,GOOD
pull_train_033.avi,pull,train,data\dataset_v7_clean\train\pull\pull_train_033.avi,0,GOOD
pull_train_034.avi,pull,train,data\dataset_v7_clean\train\pull\pull_train_034.avi,0,GOOD
pull_train_035.avi,pull,train,data\dataset_v7_clean\train\pull\pull_train_035.avi,0,GOOD
pull_train_036.avi,pull,train,data\dataset_v7_clean\train\pull\pull_train_036.avi,0,GOOD
pull_train_037.avi,pull,train,data\dataset_v7_clean\train\pull\pull_train_037.avi,0,GOOD
pull_train_038.avi,pull,train,data\dataset_v7_clean\train\pull\pull_train_038.avi,0,GOOD
pull_train_039.avi,pull,train,data\dataset_v7_clean\train\pull\pull_train_039.avi,0,GOOD
pull_train_040.mp4,pull,train,data\dataset_v7_clean\train\pull\pull_train_040.mp4,0,GOOD
pull_train_041.avi,pull,train,data\dataset_v7_clean\train\pull\pull_train_041.avi,0,GOOD
pull_train_042.avi,pull,train,data\dataset_v7_clean\train\pull\pull_train_042.avi,0,GOOD
pull_train_043.mp4,pull,train,data\dataset_v7_clean\train\pull\pull_train_043.mp4,0,GOOD
pull_train_044.avi,pull,train,data\dataset_v7_clean\train\pull\pull_train_044.avi,0,GOOD
pull_train_045.avi,pull,train,data\dataset_v7_clean\train\pull\pull_train_045.avi,0,GOOD
pull_train_046.avi,pull,train,data\dataset_v7_clean\train\pull\pull_train_046.avi,0,GOOD
pull_train_047.avi,pull,train,data\dataset_v7_clean\train\pull\pull_train_047.avi,0,GOOD
pull_train_048.avi,pull,train,data\dataset_v7_clean\train\pull\pull_train_048.avi,0,GOOD
pull_train_049.avi,pull,train,data\dataset_v7_clean\train\pull\pull_train_049.avi,0,GOOD
pull_train_050.avi,pull,train,data\dataset_v7_clean\train\pull\pull_train_050.avi,0,GOOD
pull_train_051.avi,pull,train,data\dataset_v7_clean\train\pull\pull_train_051.avi,0,GOOD
pull_train_052.avi,pull,train,data\dataset_v7_clean\train\pull\pull_train_052.avi,0,GOOD
pull_train_053.avi,pull,train,data\dataset_v7_clean\train\pull\pull_train_053.avi,0,GOOD
pull_train_054.avi,pull,train,data\dataset_v7_clean\train\pull\pull_train_054.avi,0,GOOD
pull_train_055.mp4,pull,train,data\dataset_v7_clean\train\pull\pull_train_055.mp4,0,GOOD
pull_train_056.avi,pull,train,data\dataset_v7_clean\train\pull\pull_train_056.avi,0,GOOD
pull_train_057.avi,pull,train,data\dataset_v7_clean\train\pull\pull_train_057.avi,0,GOOD
pull_train_058.avi,pull,train,data\dataset_v7_clean\train\pull\pull_train_058.avi,0,GOOD
pull_train_059.mp4,pull,train,data\dataset_v7_clean\train\pull\pull_train_059.mp4,0,GOOD
pull_train_060.avi,pull,train,data\dataset_v7_clean\train\pull\pull_train_060.avi,0,GOOD
pull_train_061.avi,pull,train,data\dataset_v7_clean\train\pull\pull_train_061.avi,0,GOOD
pull_train_062.mp4,pull,train,data\dataset_v7_clean\train\pull\pull_train_062.mp4,0,GOOD
pull_train_063.avi,pull,train,data\dataset_v7_clean\train\pull\pull_train_063.avi,0,GOOD
pull_train_064.avi,pull,train,data\dataset_v7_clean\train\pull\pull_train_064.avi,0,GOOD
pull_train_065.avi,pull,train,data\dataset_v7_clean\train\pull\pull_train_065.avi,0,GOOD
pull_train_066.mp4,pull,train,data\dataset_v7_clean\train\pull\pull_train_066.mp4,0,GOOD
pull_train_067.avi,pull,train,data\dataset_v7_clean\train\pull\pull_train_067.avi,0,GOOD
pull_train_068.avi,pull,train,data\dataset_v7_clean\train\pull\pull_train_068.avi,0,GOOD
pull_train_069.avi,pull,train,data\dataset_v7_clean\train\pull\pull_train_069.avi,0,GOOD
pull_train_070.avi,pull,train,data\dataset_v7_clean\train\pull\pull_train_070.avi,0,GOOD
pull_train_071.avi,pull,train,data\dataset_v7_clean\train\pull\pull_train_071.avi,0,GOOD
pull_train_072.avi,pull,train,data\dataset_v7_clean\train\pull\pull_train_072.avi,0,GOOD
pull_train_073.avi,pull,train,data\dataset_v7_clean\train\pull\pull_train_073.avi,0,GOOD
pull_train_074.mp4,pull,train,data\dataset_v7_clean\train\pull\pull_train_074.mp4,0,GOOD
pull_train_075.avi,pull,train,data\dataset_v7_clean\train\pull\pull_train_075.avi,0,GOOD
pull_train_076.avi,pull,train,data\dataset_v7_clean\train\pull\pull_train_076.avi,0,GOOD
pull_train_077.avi,pull,train,data\dataset_v7_clean\train\pull\pull_train_077.avi,0,GOOD
pull_train_078.avi,pull,train,data\dataset_v7_clean\train\pull\pull_train_078.avi,0,GOOD
pull_train_079.avi,pull,train,data\dataset_v7_clean\train\pull\pull_train_079.avi,0,GOOD
pull_train_080.avi,pull,train,data\dataset_v7_clean\train\pull\pull_train_080.avi,0,GOOD
pull_train_081.avi,pull,train,data\dataset_v7_clean\train\pull\pull_train_081.avi,0,GOOD
pull_train_082.avi,pull,train,data\dataset_v7_clean\train\pull\pull_train_082.avi,0,GOOD
pull_train_083.avi,pull,train,data\dataset_v7_clean\train\pull\pull_train_083.avi,0,GOOD
pull_train_084.avi,pull,train,data\dataset_v7_clean\train\pull\pull_train_084.avi,0,GOOD
pull_train_085.mp4,pull,train,data\dataset_v7_clean\train\pull\pull_train_085.mp4,0,GOOD
pull_train_086.avi,pull,train,data\dataset_v7_clean\train\pull\pull_train_086.avi,0,GOOD
pull_train_087.avi,pull,train,data\dataset_v7_clean\train\pull\pull_train_087.avi,0,GOOD
pull_train_088.avi,pull,train,data\dataset_v7_clean\train\pull\pull_train_088.avi,0,GOOD
pull_train_089.avi,pull,train,data\dataset_v7_clean\train\pull\pull_train_089.avi,0,GOOD
pull_train_090.avi,pull,train,data\dataset_v7_clean\train\pull\pull_train_090.avi,0,GOOD
pull_train_091.avi,pull,train,data\dataset_v7_clean\train\pull\pull_train_091.avi,0,GOOD
pull_train_092.avi,pull,train,data\dataset_v7_clean\train\pull\pull_train_092.avi,0,GOOD
pull_train_093.avi,pull,train,data\dataset_v7_clean\train\pull\pull_train_093.avi,0,GOOD
pull_train_094.avi,pull,train,data\dataset_v7_clean\train\pull\pull_train_094.avi,0,GOOD
pull_train_095.avi,pull,train,data\dataset_v7_clean\train\pull\pull_train_095.avi,0,GOOD
pull_train_096.avi,pull,train,data\dataset_v7_clean\train\pull\pull_train_096.avi,0,GOOD
pull_train_097.avi,pull,train,data\dataset_v7_clean\train\pull\pull_train_097.avi,0,GOOD
pull_train_098.avi,pull,train,data\dataset_v7_clean\train\pull\pull_train_098.avi,0,GOOD
pull_train_099.avi,pull,train,data\dataset_v7_clean\train\pull\pull_train_099.avi,0,GOOD
pull_train_100.avi,pull,train,data\dataset_v7_clean\train\pull\pull_train_100.avi,0,GOOD
pull_train_101.avi,pull,train,data\dataset_v7_clean\train\pull\pull_train_101.avi,0,GOOD
pull_train_102.avi,pull,train,data\dataset_v7_clean\train\pull\pull_train_102.avi,0,GOOD
pull_train_103.avi,pull,train,data\dataset_v7_clean\train\pull\pull_train_103.avi,0,GOOD
pull_train_104.avi,pull,train,data\dataset_v7_clean\train\pull\pull_train_104.avi,0,GOOD
pull_train_105.avi,pull,train,data\dataset_v7_clean\train\pull\pull_train_105.avi,0,GOOD
pull_train_106.avi,pull,train,data\dataset_v7_clean\train\pull\pull_train_106.avi,0,GOOD
pull_train_107.avi,pull,train,data\dataset_v7_clean\train\pull\pull_train_107.avi,0,GOOD
pull_train_108.avi,pull,train,data\dataset_v7_clean\train\pull\pull_train_108.avi,0,GOOD
pull_train_109.avi,pull,train,data\dataset_v7_clean\train\pull\pull_train_109.avi,0,GOOD
pull_train_110.avi,pull,train,data\dataset_v7_clean\train\pull\pull_train_110.avi,0,GOOD
pull_train_111.avi,pull,train,data\dataset_v7_clean\train\pull\pull_train_111.avi,0,GOOD
pull_train_112.avi,pull,train,data\dataset_v7_clean\train\pull\pull_train_112.avi,0,GOOD
pull_train_113.avi,pull,train,data\dataset_v7_clean\train\pull\pull_train_113.avi,0,GOOD
pull_train_114.avi,pull,train,data\dataset_v7_clean\train\pull\pull_train_114.avi,0,GOOD
pull_train_115.mp4,pull,train,data\dataset_v7_clean\train\pull\pull_train_115.mp4,0,GOOD
pull_train_116.avi,pull,train,data\dataset_v7_clean\train\pull\pull_train_116.avi,0,GOOD
pull_train_117.avi,pull,train,data\dataset_v7_clean\train\pull\pull_train_117.avi,0,GOOD
pull_train_118.avi,pull,train,data\dataset_v7_clean\train\pull\pull_train_118.avi,0,GOOD
pull_train_119.avi,pull,train,data\dataset_v7_clean\train\pull\pull_train_119.avi,0,GOOD
pull_train_120.avi,pull,train,data\dataset_v7_clean\train\pull\pull_train_120.avi,0,GOOD
pull_train_121.avi,pull,train,data\dataset_v7_clean\train\pull\pull_train_121.avi,0,GOOD
pull_train_122.mp4,pull,train,data\dataset_v7_clean\train\pull\pull_train_122.mp4,0,GOOD
pull_train_123.avi,pull,train,data\dataset_v7_clean\train\pull\pull_train_123.avi,0,GOOD
pull_train_124.mp4,pull,train,data\dataset_v7_clean\train\pull\pull_train_124.mp4,0,GOOD
pull_train_125.avi,pull,train,data\dataset_v7_clean\train\pull\pull_train_125.avi,0,GOOD
pull_train_126.avi,pull,train,data\dataset_v7_clean\train\pull\pull_train_126.avi,0,GOOD
pull_train_127.avi,pull,train,data\dataset_v7_clean\train\pull\pull_train_127.avi,0,GOOD
pull_train_128.avi,pull,train,data\dataset_v7_clean\train\pull\pull_train_128.avi,0,GOOD
pull_train_129.avi,pull,train,data\dataset_v7_clean\train\pull\pull_train_129.avi,0,GOOD
pull_train_130.avi,pull,train,data\dataset_v7_clean\train\pull\pull_train_130.avi,0,GOOD
pull_train_131.avi,pull,train,data\dataset_v7_clean\train\pull\pull_train_131.avi,0,GOOD
pull_train_132.avi,pull,train,data\dataset_v7_clean\train\pull\pull_train_132.avi,0,GOOD
pull_train_133.avi,pull,train,data\dataset_v7_clean\train\pull\pull_train_133.avi,0,GOOD
pull_train_134.avi,pull,train,data\dataset_v7_clean\train\pull\pull_train_134.avi,0,GOOD
pull_train_135.avi,pull,train,data\dataset_v7_clean\train\pull\pull_train_135.avi,0,GOOD
pull_train_136.avi,pull,train,data\dataset_v7_clean\train\pull\pull_train_136.avi,0,GOOD
pull_train_137.mp4,pull,train,data\dataset_v7_clean\train\pull\pull_train_137.mp4,0,GOOD
pull_train_138.avi,pull,train,data\dataset_v7_clean\train\pull\pull_train_138.avi,0,GOOD
pull_train_139.mp4,pull,train,data\dataset_v7_clean\train\pull\pull_train_139.mp4,0,GOOD
pull_train_140.avi,pull,train,data\dataset_v7_clean\train\pull\pull_train_140.avi,0,GOOD
pull_train_141.mp4,pull,train,data\dataset_v7_clean\train\pull\pull_train_141.mp4,0,GOOD
pull_train_142.avi,pull,train,data\dataset_v7_clean\train\pull\pull_train_142.avi,0,GOOD
pull_train_143.avi,pull,train,data\dataset_v7_clean\train\pull\pull_train_143.avi,0,GOOD
pull_train_144.avi,pull,train,data\dataset_v7_clean\train\pull\pull_train_144.avi,0,GOOD
pull_train_145.avi,pull,train,data\dataset_v7_clean\train\pull\pull_train_145.avi,0,GOOD
pull_train_146.avi,pull,train,data\dataset_v7_clean\train\pull\pull_train_146.avi,0,GOOD
pull_train_147.avi,pull,train,data\dataset_v7_clean\train\pull\pull_train_147.avi,0,GOOD
pull_train_148.avi,pull,train,data\dataset_v7_clean\train\pull\pull_train_148.avi,0,GOOD
pull_train_149.avi,pull,train,data\dataset_v7_clean\train\pull\pull_train_149.avi,0,GOOD
pull_train_150.mp4,pull,train,data\dataset_v7_clean\train\pull\pull_train_150.mp4,0,GOOD
pull_train_151.avi,pull,train,data\dataset_v7_clean\train\pull\pull_train_151.avi,0,GOOD
pull_train_152.avi,pull,train,data\dataset_v7_clean\train\pull\pull_train_152.avi,0,GOOD
pull_train_153.avi,pull,train,data\dataset_v7_clean\train\pull\pull_train_153.avi,0,GOOD
pull_train_154.avi,pull,train,data\dataset_v7_clean\train\pull\pull_train_154.avi,0,GOOD
pull_train_155.avi,pull,train,data\dataset_v7_clean\train\pull\pull_train_155.avi,0,GOOD
pull_train_156.avi,pull,train,data\dataset_v7_clean\train\pull\pull_train_156.avi,0,GOOD
pull_train_157.avi,pull,train,data\dataset_v7_clean\train\pull\pull_train_157.avi,0,GOOD
pull_train_158.mp4,pull,train,data\dataset_v7_clean\train\pull\pull_train_158.mp4,0,GOOD
pull_train_159.avi,pull,train,data\dataset_v7_clean\train\pull\pull_train_159.avi,0,GOOD
pull_train_160.avi,pull,train,data\dataset_v7_clean\train\pull\pull_train_160.avi,0,GOOD
pull_train_161.avi,pull,train,data\dataset_v7_clean\train\pull\pull_train_161.avi,0,GOOD
pull_train_162.avi,pull,train,data\dataset_v7_clean\train\pull\pull_train_162.avi,0,GOOD
pull_train_163.mp4,pull,train,data\dataset_v7_clean\train\pull\pull_train_163.mp4,0,GOOD
pull_train_164.avi,pull,train,data\dataset_v7_clean\train\pull\pull_train_164.avi,0,GOOD
pull_train_165.avi,pull,train,data\dataset_v7_clean\train\pull\pull_train_165.avi,0,GOOD
pull_train_166.mp4,pull,train,data\dataset_v7_clean\train\pull\pull_train_166.mp4,0,GOOD
pull_train_167.mp4,pull,train,data\dataset_v7_clean\train\pull\pull_train_167.mp4,0,GOOD
pull_train_168.mp4,pull,train,data\dataset_v7_clean\train\pull\pull_train_168.mp4,0,GOOD
pull_train_169.avi,pull,train,data\dataset_v7_clean\train\pull\pull_train_169.avi,0,GOOD
pull_train_170.avi,pull,train,data\dataset_v7_clean\train\pull\pull_train_170.avi,0,GOOD
pull_train_171.mp4,pull,train,data\dataset_v7_clean\train\pull\pull_train_171.mp4,0,GOOD
pull_train_172.avi,pull,train,data\dataset_v7_clean\train\pull\pull_train_172.avi,0,GOOD
pull_train_173.avi,pull,train,data\dataset_v7_clean\train\pull\pull_train_173.avi,0,GOOD
pull_train_174.avi,pull,train,data\dataset_v7_clean\train\pull\pull_train_174.avi,0,GOOD
pull_train_175.avi,pull,train,data\dataset_v7_clean\train\pull\pull_train_175.avi,0,GOOD
pull_train_176.avi,pull,train,data\dataset_v7_clean\train\pull\pull_train_176.avi,0,GOOD
pull_train_177.avi,pull,train,data\dataset_v7_clean\train\pull\pull_train_177.avi,0,GOOD
pull_train_178.avi,pull,train,data\dataset_v7_clean\train\pull\pull_train_178.avi,0,GOOD
pull_train_179.mp4,pull,train,data\dataset_v7_clean\train\pull\pull_train_179.mp4,0,GOOD
pull_train_180.avi,pull,train,data\dataset_v7_clean\train\pull\pull_train_180.avi,0,GOOD
pull_train_181.avi,pull,train,data\dataset_v7_clean\train\pull\pull_train_181.avi,0,GOOD
pull_train_182.avi,pull,train,data\dataset_v7_clean\train\pull\pull_train_182.avi,0,GOOD
pull_train_183.avi,pull,train,data\dataset_v7_clean\train\pull\pull_train_183.avi,0,GOOD
pull_train_184.mp4,pull,train,data\dataset_v7_clean\train\pull\pull_train_184.mp4,0,GOOD
pull_train_185.avi,pull,train,data\dataset_v7_clean\train\pull\pull_train_185.avi,0,GOOD
pull_train_186.avi,pull,train,data\dataset_v7_clean\train\pull\pull_train_186.avi,0,GOOD
pull_train_187.avi,pull,train,data\dataset_v7_clean\train\pull\pull_train_187.avi,0,GOOD
pull_train_188.avi,pull,train,data\dataset_v7_clean\train\pull\pull_train_188.avi,0,GOOD
pull_train_189.avi,pull,train,data\dataset_v7_clean\train\pull\pull_train_189.avi,0,GOOD
pull_train_190.avi,pull,train,data\dataset_v7_clean\train\pull\pull_train_190.avi,0,GOOD
pull_train_191.avi,pull,train,data\dataset_v7_clean\train\pull\pull_train_191.avi,0,GOOD
pull_train_192.avi,pull,train,data\dataset_v7_clean\train\pull\pull_train_192.avi,0,GOOD
pull_train_193.mp4,pull,train,data\dataset_v7_clean\train\pull\pull_train_193.mp4,0,GOOD
pull_train_194.avi,pull,train,data\dataset_v7_clean\train\pull\pull_train_194.avi,0,GOOD
pull_train_195.avi,pull,train,data\dataset_v7_clean\train\pull\pull_train_195.avi,0,GOOD
pull_train_196.avi,pull,train,data\dataset_v7_clean\train\pull\pull_train_196.avi,0,GOOD
pull_train_197.avi,pull,train,data\dataset_v7_clean\train\pull\pull_train_197.avi,0,GOOD
pull_train_198.avi,pull,train,data\dataset_v7_clean\train\pull\pull_train_198.avi,0,GOOD
pull_train_199.avi,pull,train,data\dataset_v7_clean\train\pull\pull_train_199.avi,0,GOOD
pull_train_200.avi,pull,train,data\dataset_v7_clean\train\pull\pull_train_200.avi,0,GOOD
pull_train_201.avi,pull,train,data\dataset_v7_clean\train\pull\pull_train_201.avi,0,GOOD
pull_train_202.avi,pull,train,data\dataset_v7_clean\train\pull\pull_train_202.avi,0,GOOD
pull_train_203.mp4,pull,train,data\dataset_v7_clean\train\pull\pull_train_203.mp4,0,GOOD
pull_train_204.avi,pull,train,data\dataset_v7_clean\train\pull\pull_train_204.avi,0,GOOD
pull_train_205.avi,pull,train,data\dataset_v7_clean\train\pull\pull_train_205.avi,0,GOOD
pull_train_206.avi,pull,train,data\dataset_v7_clean\train\pull\pull_train_206.avi,0,GOOD
pull_train_207.avi,pull,train,data\dataset_v7_clean\train\pull\pull_train_207.avi,0,GOOD
pull_train_208.avi,pull,train,data\dataset_v7_clean\train\pull\pull_train_208.avi,0,GOOD
pull_train_209.mp4,pull,train,data\dataset_v7_clean\train\pull\pull_train_209.mp4,0,GOOD
pull_train_210.avi,pull,train,data\dataset_v7_clean\train\pull\pull_train_210.avi,0,GOOD
pull_train_211.avi,pull,train,data\dataset_v7_clean\train\pull\pull_train_211.avi,0,GOOD
pull_train_212.avi,pull,train,data\dataset_v7_clean\train\pull\pull_train_212.avi,0,GOOD
pull_train_213.avi,pull,train,data\dataset_v7_clean\train\pull\pull_train_213.avi,0,GOOD
pull_train_214.avi,pull,train,data\dataset_v7_clean\train\pull\pull_train_214.avi,0,GOOD
pull_train_215.avi,pull,train,data\dataset_v7_clean\train\pull\pull_train_215.avi,0,GOOD
pull_train_216.mp4,pull,train,data\dataset_v7_clean\train\pull\pull_train_216.mp4,0,GOOD
pull_train_217.avi,pull,train,data\dataset_v7_clean\train\pull\pull_train_217.avi,0,GOOD
pull_train_218.avi,pull,train,data\dataset_v7_clean\train\pull\pull_train_218.avi,0,GOOD
pull_train_219.mp4,pull,train,data\dataset_v7_clean\train\pull\pull_train_219.mp4,0,GOOD
pull_train_220.avi,pull,train,data\dataset_v7_clean\train\pull\pull_train_220.avi,0,GOOD
pull_train_221.mp4,pull,train,data\dataset_v7_clean\train\pull\pull_train_221.mp4,0,GOOD
pull_train_222.avi,pull,train,data\dataset_v7_clean\train\pull\pull_train_222.avi,0,GOOD
pull_train_223.avi,pull,train,data\dataset_v7_clean\train\pull\pull_train_223.avi,0,GOOD
pull_train_224.avi,pull,train,data\dataset_v7_clean\train\pull\pull_train_224.avi,0,GOOD
pull_train_225.avi,pull,train,data\dataset_v7_clean\train\pull\pull_train_225.avi,0,GOOD
pull_train_226.avi,pull,train,data\dataset_v7_clean\train\pull\pull_train_226.avi,0,GOOD
pull_train_227.avi,pull,train,data\dataset_v7_clean\train\pull\pull_train_227.avi,0,GOOD
pull_train_228.avi,pull,train,data\dataset_v7_clean\train\pull\pull_train_228.avi,0,GOOD
pull_train_229.avi,pull,train,data\dataset_v7_clean\train\pull\pull_train_229.avi,0,GOOD
pull_train_230.avi,pull,train,data\dataset_v7_clean\train\pull\pull_train_230.avi,0,GOOD
pull_train_231.mp4,pull,train,data\dataset_v7_clean\train\pull\pull_train_231.mp4,0,GOOD
pull_train_232.avi,pull,train,data\dataset_v7_clean\train\pull\pull_train_232.avi,0,GOOD
pull_train_233.avi,pull,train,data\dataset_v7_clean\train\pull\pull_train_233.avi,0,GOOD
pull_train_234.avi,pull,train,data\dataset_v7_clean\train\pull\pull_train_234.avi,0,GOOD
pull_train_235.avi,pull,train,data\dataset_v7_clean\train\pull\pull_train_235.avi,0,GOOD
pull_train_236.avi,pull,train,data\dataset_v7_clean\train\pull\pull_train_236.avi,0,GOOD
pull_train_237.mp4,pull,train,data\dataset_v7_clean\train\pull\pull_train_237.mp4,0,GOOD
pull_train_238.avi,pull,train,data\dataset_v7_clean\train\pull\pull_train_238.avi,0,GOOD
pull_train_239.avi,pull,train,data\dataset_v7_clean\train\pull\pull_train_239.avi,0,GOOD
pull_train_240.avi,pull,train,data\dataset_v7_clean\train\pull\pull_train_240.avi,0,GOOD
pull_train_241.avi,pull,train,data\dataset_v7_clean\train\pull\pull_train_241.avi,0,GOOD
pull_train_242.avi,pull,train,data\dataset_v7_clean\train\pull\pull_train_242.avi,0,GOOD
pull_train_243.mp4,pull,train,data\dataset_v7_clean\train\pull\pull_train_243.mp4,0,GOOD
pull_train_244.avi,pull,train,data\dataset_v7_clean\train\pull\pull_train_244.avi,0,GOOD
pull_train_245.avi,pull,train,data\dataset_v7_clean\train\pull\pull_train_245.avi,0,GOOD
pull_train_246.avi,pull,train,data\dataset_v7_clean\train\pull\pull_train_246.avi,0,GOOD
pull_train_247.avi,pull,train,data\dataset_v7_clean\train\pull\pull_train_247.avi,0,GOOD
pull_train_248.avi,pull,train,data\dataset_v7_clean\train\pull\pull_train_248.avi,0,GOOD
pull_train_249.avi,pull,train,data\dataset_v7_clean\train\pull\pull_train_249.avi,0,GOOD
pull_train_250.avi,pull,train,data\dataset_v7_clean\train\pull\pull_train_250.avi,0,GOOD
pull_train_251.avi,pull,train,data\dataset_v7_clean\train\pull\pull_train_251.avi,0,GOOD
pull_train_252.avi,pull,train,data\dataset_v7_clean\train\pull\pull_train_252.avi,0,GOOD
pull_train_253.avi,pull,train,data\dataset_v7_clean\train\pull\pull_train_253.avi,0,GOOD
pull_train_254.mp4,pull,train,data\dataset_v7_clean\train\pull\pull_train_254.mp4,0,GOOD
pull_train_255.avi,pull,train,data\dataset_v7_clean\train\pull\pull_train_255.avi,0,GOOD
pull_train_256.avi,pull,train,data\dataset_v7_clean\train\pull\pull_train_256.avi,0,GOOD
pull_train_257.mp4,pull,train,data\dataset_v7_clean\train\pull\pull_train_257.mp4,0,GOOD
pull_train_258.avi,pull,train,data\dataset_v7_clean\train\pull\pull_train_258.avi,0,GOOD
pull_train_259.avi,pull,train,data\dataset_v7_clean\train\pull\pull_train_259.avi,0,GOOD
pull_train_260.mp4,pull,train,data\dataset_v7_clean\train\pull\pull_train_260.mp4,0,GOOD
pull_train_261.avi,pull,train,data\dataset_v7_clean\train\pull\pull_train_261.avi,0,GOOD
pull_train_262.avi,pull,train,data\dataset_v7_clean\train\pull\pull_train_262.avi,0,GOOD
pull_train_263.avi,pull,train,data\dataset_v7_clean\train\pull\pull_train_263.avi,0,GOOD
pull_train_264.avi,pull,train,data\dataset_v7_clean\train\pull\pull_train_264.avi,0,GOOD
pull_train_265.avi,pull,train,data\dataset_v7_clean\train\pull\pull_train_265.avi,0,GOOD
pull_train_266.avi,pull,train,data\dataset_v7_clean\train\pull\pull_train_266.avi,0,GOOD
pull_train_267.avi,pull,train,data\dataset_v7_clean\train\pull\pull_train_267.avi,0,GOOD
pull_train_268.avi,pull,train,data\dataset_v7_clean\train\pull\pull_train_268.avi,0,GOOD
pull_train_269.avi,pull,train,data\dataset_v7_clean\train\pull\pull_train_269.avi,0,GOOD
pull_train_270.avi,pull,train,data\dataset_v7_clean\train\pull\pull_train_270.avi,0,GOOD
pull_train_271.avi,pull,train,data\dataset_v7_clean\train\pull\pull_train_271.avi,0,GOOD
pull_train_272.avi,pull,train,data\dataset_v7_clean\train\pull\pull_train_272.avi,0,GOOD
pull_train_273.avi,pull,train,data\dataset_v7_clean\train\pull\pull_train_273.avi,0,GOOD
pull_train_274.avi,pull,train,data\dataset_v7_clean\train\pull\pull_train_274.avi,0,GOOD
pull_train_275.avi,pull,train,data\dataset_v7_clean\train\pull\pull_train_275.avi,0,GOOD
pull_train_276.mp4,pull,train,data\dataset_v7_clean\train\pull\pull_train_276.mp4,0,GOOD
pull_train_277.avi,pull,train,data\dataset_v7_clean\train\pull\pull_train_277.avi,0,GOOD
pull_train_278.avi,pull,train,data\dataset_v7_clean\train\pull\pull_train_278.avi,0,GOOD
pull_train_279.avi,pull,train,data\dataset_v7_clean\train\pull\pull_train_279.avi,0,GOOD
pull_train_280.avi,pull,train,data\dataset_v7_clean\train\pull\pull_train_280.avi,0,GOOD
pull_train_281.avi,pull,train,data\dataset_v7_clean\train\pull\pull_train_281.avi,0,GOOD
pull_train_282.mp4,pull,train,data\dataset_v7_clean\train\pull\pull_train_282.mp4,0,GOOD
pull_train_283.mp4,pull,train,data\dataset_v7_clean\train\pull\pull_train_283.mp4,0,GOOD
pull_train_284.avi,pull,train,data\dataset_v7_clean\train\pull\pull_train_284.avi,0,GOOD
pull_train_285.avi,pull,train,data\dataset_v7_clean\train\pull\pull_train_285.avi,0,GOOD
pull_train_286.avi,pull,train,data\dataset_v7_clean\train\pull\pull_train_286.avi,0,GOOD
pull_train_287.mp4,pull,train,data\dataset_v7_clean\train\pull\pull_train_287.mp4,0,GOOD
pull_train_288.avi,pull,train,data\dataset_v7_clean\train\pull\pull_train_288.avi,0,GOOD
pull_train_289.avi,pull,train,data\dataset_v7_clean\train\pull\pull_train_289.avi,0,GOOD
pull_train_290.mp4,pull,train,data\dataset_v7_clean\train\pull\pull_train_290.mp4,0,GOOD
pull_train_291.avi,pull,train,data\dataset_v7_clean\train\pull\pull_train_291.avi,0,GOOD
pull_train_292.avi,pull,train,data\dataset_v7_clean\train\pull\pull_train_292.avi,0,GOOD
pull_train_293.avi,pull,train,data\dataset_v7_clean\train\pull\pull_train_293.avi,0,GOOD
pull_train_294.avi,pull,train,data\dataset_v7_clean\train\pull\pull_train_294.avi,0,GOOD
pull_train_295.avi,pull,train,data\dataset_v7_clean\train\pull\pull_train_295.avi,0,GOOD
pull_train_296.avi,pull,train,data\dataset_v7_clean\train\pull\pull_train_296.avi,0,GOOD
pull_train_297.avi,pull,train,data\dataset_v7_clean\train\pull\pull_train_297.avi,0,GOOD
pull_train_298.avi,pull,train,data\dataset_v7_clean\train\pull\pull_train_298.avi,0,GOOD
pull_train_299.mp4,pull,train,data\dataset_v7_clean\train\pull\pull_train_299.mp4,0,GOOD
pull_train_300.avi,pull,train,data\dataset_v7_clean\train\pull\pull_train_300.avi,0,GOOD
pull_train_301.avi,pull,train,data\dataset_v7_clean\train\pull\pull_train_301.avi,0,GOOD
pull_train_302.avi,pull,train,data\dataset_v7_clean\train\pull\pull_train_302.avi,0,GOOD
pull_train_303.avi,pull,train,data\dataset_v7_clean\train\pull\pull_train_303.avi,0,GOOD
pull_train_304.mp4,pull,train,data\dataset_v7_clean\train\pull\pull_train_304.mp4,0,GOOD
pull_train_305.avi,pull,train,data\dataset_v7_clean\train\pull\pull_train_305.avi,0,GOOD
pull_train_306.mp4,pull,train,data\dataset_v7_clean\train\pull\pull_train_306.mp4,0,GOOD
pull_train_307.avi,pull,train,data\dataset_v7_clean\train\pull\pull_train_307.avi,0,GOOD
pull_train_308.avi,pull,train,data\dataset_v7_clean\train\pull\pull_train_308.avi,0,GOOD
pull_train_309.avi,pull,train,data\dataset_v7_clean\train\pull\pull_train_309.avi,0,GOOD
pull_train_310.avi,pull,train,data\dataset_v7_clean\train\pull\pull_train_310.avi,0,GOOD
pull_train_311.avi,pull,train,data\dataset_v7_clean\train\pull\pull_train_311.avi,0,GOOD
pull_train_312.avi,pull,train,data\dataset_v7_clean\train\pull\pull_train_312.avi,0,GOOD
pull_val_001.avi,pull,val,data\dataset_v7_clean\val\pull\pull_val_001.avi,0,GOOD
pull_val_002.avi,pull,val,data\dataset_v7_clean\val\pull\pull_val_002.avi,0,GOOD
pull_val_003.avi,pull,val,data\dataset_v7_clean\val\pull\pull_val_003.avi,0,GOOD
pull_val_004.avi,pull,val,data\dataset_v7_clean\val\pull\pull_val_004.avi,0,GOOD
pull_val_005.mp4,pull,val,data\dataset_v7_clean\val\pull\pull_val_005.mp4,0,GOOD
pull_val_006.avi,pull,val,data\dataset_v7_clean\val\pull\pull_val_006.avi,0,GOOD
pull_val_007.avi,pull,val,data\dataset_v7_clean\val\pull\pull_val_007.avi,0,GOOD
pull_val_008.avi,pull,val,data\dataset_v7_clean\val\pull\pull_val_008.avi,0,GOOD
pull_val_009.avi,pull,val,data\dataset_v7_clean\val\pull\pull_val_009.avi,0,GOOD
pull_val_010.avi,pull,val,data\dataset_v7_clean\val\pull\pull_val_010.avi,0,GOOD
pull_val_011.avi,pull,val,data\dataset_v7_clean\val\pull\pull_val_011.avi,0,GOOD
pull_val_012.avi,pull,val,data\dataset_v7_clean\val\pull\pull_val_012.avi,0,GOOD
pull_val_013.avi,pull,val,data\dataset_v7_clean\val\pull\pull_val_013.avi,0,GOOD
pull_val_014.avi,pull,val,data\dataset_v7_clean\val\pull\pull_val_014.avi,0,GOOD
pull_val_015.avi,pull,val,data\dataset_v7_clean\val\pull\pull_val_015.avi,0,GOOD
pull_val_016.mp4,pull,val,data\dataset_v7_clean\val\pull\pull_val_016.mp4,0,GOOD
pull_val_017.avi,pull,val,data\dataset_v7_clean\val\pull\pull_val_017.avi,0,GOOD
pull_val_018.avi,pull,val,data\dataset_v7_clean\val\pull\pull_val_018.avi,0,GOOD
pull_val_019.avi,pull,val,data\dataset_v7_clean\val\pull\pull_val_019.avi,0,GOOD
pull_val_020.avi,pull,val,data\dataset_v7_clean\val\pull\pull_val_020.avi,0,GOOD
pull_val_021.mp4,pull,val,data\dataset_v7_clean\val\pull\pull_val_021.mp4,0,GOOD
pull_val_022.avi,pull,val,data\dataset_v7_clean\val\pull\pull_val_022.avi,0,GOOD
pull_val_023.mp4,pull,val,data\dataset_v7_clean\val\pull\pull_val_023.mp4,0,GOOD
pull_val_024.avi,pull,val,data\dataset_v7_clean\val\pull\pull_val_024.avi,0,GOOD
pull_val_025.avi,pull,val,data\dataset_v7_clean\val\pull\pull_val_025.avi,0,GOOD
pull_val_026.avi,pull,val,data\dataset_v7_clean\val\pull\pull_val_026.avi,0,GOOD
pull_val_027.mp4,pull,val,data\dataset_v7_clean\val\pull\pull_val_027.mp4,0,GOOD
pull_val_028.avi,pull,val,data\dataset_v7_clean\val\pull\pull_val_028.avi,0,GOOD
pull_val_029.mp4,pull,val,data\dataset_v7_clean\val\pull\pull_val_029.mp4,0,GOOD
pull_val_030.mp4,pull,val,data\dataset_v7_clean\val\pull\pull_val_030.mp4,0,GOOD
pull_val_031.avi,pull,val,data\dataset_v7_clean\val\pull\pull_val_031.avi,0,GOOD
pull_val_032.avi,pull,val,data\dataset_v7_clean\val\pull\pull_val_032.avi,0,GOOD
pull_val_033.mp4,pull,val,data\dataset_v7_clean\val\pull\pull_val_033.mp4,0,GOOD
pull_val_034.avi,pull,val,data\dataset_v7_clean\val\pull\pull_val_034.avi,0,GOOD
pull_val_035.avi,pull,val,data\dataset_v7_clean\val\pull\pull_val_035.avi,0,GOOD
pull_val_036.avi,pull,val,data\dataset_v7_clean\val\pull\pull_val_036.avi,0,GOOD
pull_val_037.avi,pull,val,data\dataset_v7_clean\val\pull\pull_val_037.avi,0,GOOD
pull_val_038.avi,pull,val,data\dataset_v7_clean\val\pull\pull_val_038.avi,0,GOOD
pull_val_039.mp4,pull,val,data\dataset_v7_clean\val\pull\pull_val_039.mp4,0,GOOD
pull_val_040.avi,pull,val,data\dataset_v7_clean\val\pull\pull_val_040.avi,0,GOOD
pull_val_041.avi,pull,val,data\dataset_v7_clean\val\pull\pull_val_041.avi,0,GOOD
pull_val_042.avi,pull,val,data\dataset_v7_clean\val\pull\pull_val_042.avi,0,GOOD
pull_val_043.avi,pull,val,data\dataset_v7_clean\val\pull\pull_val_043.avi,0,GOOD
pull_val_044.avi,pull,val,data\dataset_v7_clean\val\pull\pull_val_044.avi,0,GOOD
pull_val_045.avi,pull,val,data\dataset_v7_clean\val\pull\pull_val_045.avi,0,GOOD
pull_val_046.avi,pull,val,data\dataset_v7_clean\val\pull\pull_val_046.avi,0,GOOD
pull_val_047.avi,pull,val,data\dataset_v7_clean\val\pull\pull_val_047.avi,0,GOOD
sweep_test_001.avi,sweep,test,data\dataset_v7_clean\test\sweep\sweep_test_001.avi,0,GOOD
sweep_test_002.avi,sweep,test,data\dataset_v7_clean\test\sweep\sweep_test_002.avi,0,GOOD
sweep_test_003.avi,sweep,test,data\dataset_v7_clean\test\sweep\sweep_test_003.avi,0,GOOD
sweep_test_004.avi,sweep,test,data\dataset_v7_clean\test\sweep\sweep_test_004.avi,0,GOOD
sweep_test_005.avi,sweep,test,data\dataset_v7_clean\test\sweep\sweep_test_005.avi,0,GOOD
sweep_test_006.avi,sweep,test,data\dataset_v7_clean\test\sweep\sweep_test_006.avi,0,GOOD
sweep_test_007.avi,sweep,test,data\dataset_v7_clean\test\sweep\sweep_test_007.avi,0,GOOD
sweep_test_008.avi,sweep,test,data\dataset_v7_clean\test\sweep\sweep_test_008.avi,0,GOOD
sweep_test_009.avi,sweep,test,data\dataset_v7_clean\test\sweep\sweep_test_009.avi,0,GOOD
sweep_test_010.mp4,sweep,test,data\dataset_v7_clean\test\sweep\sweep_test_010.mp4,0,GOOD
sweep_test_011.avi,sweep,test,data\dataset_v7_clean\test\sweep\sweep_test_011.avi,0,GOOD
sweep_test_012.avi,sweep,test,data\dataset_v7_clean\test\sweep\sweep_test_012.avi,0,GOOD
sweep_test_013.avi,sweep,test,data\dataset_v7_clean\test\sweep\sweep_test_013.avi,0,GOOD
sweep_test_014.avi,sweep,test,data\dataset_v7_clean\test\sweep\sweep_test_014.avi,0,GOOD
sweep_test_015.mp4,sweep,test,data\dataset_v7_clean\test\sweep\sweep_test_015.mp4,0,GOOD
sweep_test_016.avi,sweep,test,data\dataset_v7_clean\test\sweep\sweep_test_016.avi,0,GOOD
sweep_test_017.avi,sweep,test,data\dataset_v7_clean\test\sweep\sweep_test_017.avi,0,GOOD
sweep_test_018.avi,sweep,test,data\dataset_v7_clean\test\sweep\sweep_test_018.avi,0,GOOD
sweep_test_019.avi,sweep,test,data\dataset_v7_clean\test\sweep\sweep_test_019.avi,0,GOOD
sweep_test_020.avi,sweep,test,data\dataset_v7_clean\test\sweep\sweep_test_020.avi,0,GOOD
sweep_test_021.avi,sweep,test,data\dataset_v7_clean\test\sweep\sweep_test_021.avi,0,GOOD
sweep_test_022.avi,sweep,test,data\dataset_v7_clean\test\sweep\sweep_test_022.avi,0,GOOD
sweep_test_023.mp4,sweep,test,data\dataset_v7_clean\test\sweep\sweep_test_023.mp4,0,GOOD
sweep_test_024.avi,sweep,test,data\dataset_v7_clean\test\sweep\sweep_test_024.avi,0,GOOD
sweep_test_025.avi,sweep,test,data\dataset_v7_clean\test\sweep\sweep_test_025.avi,0,GOOD
sweep_train_001.mp4,sweep,train,data\dataset_v7_clean\train\sweep\sweep_train_001.mp4,0,GOOD
sweep_train_002.avi,sweep,train,data\dataset_v7_clean\train\sweep\sweep_train_002.avi,0,GOOD
sweep_train_003.avi,sweep,train,data\dataset_v7_clean\train\sweep\sweep_train_003.avi,0,GOOD
sweep_train_004.avi,sweep,train,data\dataset_v7_clean\train\sweep\sweep_train_004.avi,0,GOOD
sweep_train_005.avi,sweep,train,data\dataset_v7_clean\train\sweep\sweep_train_005.avi,0,GOOD
sweep_train_006.avi,sweep,train,data\dataset_v7_clean\train\sweep\sweep_train_006.avi,0,GOOD
sweep_train_007.avi,sweep,train,data\dataset_v7_clean\train\sweep\sweep_train_007.avi,0,GOOD
sweep_train_008.avi,sweep,train,data\dataset_v7_clean\train\sweep\sweep_train_008.avi,0,GOOD
sweep_train_009.avi,sweep,train,data\dataset_v7_clean\train\sweep\sweep_train_009.avi,0,GOOD
sweep_train_010.avi,sweep,train,data\dataset_v7_clean\train\sweep\sweep_train_010.avi,0,GOOD
sweep_train_011.avi,sweep,train,data\dataset_v7_clean\train\sweep\sweep_train_011.avi,0,GOOD
sweep_train_012.avi,sweep,train,data\dataset_v7_clean\train\sweep\sweep_train_012.avi,0,GOOD
sweep_train_013.avi,sweep,train,data\dataset_v7_clean\train\sweep\sweep_train_013.avi,0,GOOD
sweep_train_014.avi,sweep,train,data\dataset_v7_clean\train\sweep\sweep_train_014.avi,0,GOOD
sweep_train_015.avi,sweep,train,data\dataset_v7_clean\train\sweep\sweep_train_015.avi,0,GOOD
sweep_train_016.avi,sweep,train,data\dataset_v7_clean\train\sweep\sweep_train_016.avi,0,GOOD
sweep_train_017.avi,sweep,train,data\dataset_v7_clean\train\sweep\sweep_train_017.avi,0,GOOD
sweep_train_018.avi,sweep,train,data\dataset_v7_clean\train\sweep\sweep_train_018.avi,0,GOOD
sweep_train_019.avi,sweep,train,data\dataset_v7_clean\train\sweep\sweep_train_019.avi,0,GOOD
sweep_train_020.avi,sweep,train,data\dataset_v7_clean\train\sweep\sweep_train_020.avi,0,GOOD
sweep_train_021.avi,sweep,train,data\dataset_v7_clean\train\sweep\sweep_train_021.avi,0,GOOD
sweep_train_022.avi,sweep,train,data\dataset_v7_clean\train\sweep\sweep_train_022.avi,0,GOOD
sweep_train_023.avi,sweep,train,data\dataset_v7_clean\train\sweep\sweep_train_023.avi,0,GOOD
sweep_train_024.avi,sweep,train,data\dataset_v7_clean\train\sweep\sweep_train_024.avi,0,GOOD
sweep_train_025.avi,sweep,train,data\dataset_v7_clean\train\sweep\sweep_train_025.avi,0,GOOD
sweep_train_026.avi,sweep,train,data\dataset_v7_clean\train\sweep\sweep_train_026.avi,0,GOOD
sweep_train_027.avi,sweep,train,data\dataset_v7_clean\train\sweep\sweep_train_027.avi,0,GOOD
sweep_train_028.avi,sweep,train,data\dataset_v7_clean\train\sweep\sweep_train_028.avi,0,GOOD
sweep_train_029.avi,sweep,train,data\dataset_v7_clean\train\sweep\sweep_train_029.avi,0,GOOD
sweep_train_030.avi,sweep,train,data\dataset_v7_clean\train\sweep\sweep_train_030.avi,0,GOOD
sweep_train_031.avi,sweep,train,data\dataset_v7_clean\train\sweep\sweep_train_031.avi,0,GOOD
sweep_train_032.avi,sweep,train,data\dataset_v7_clean\train\sweep\sweep_train_032.avi,0,GOOD
sweep_train_033.avi,sweep,train,data\dataset_v7_clean\train\sweep\sweep_train_033.avi,0,GOOD
sweep_train_034.avi,sweep,train,data\dataset_v7_clean\train\sweep\sweep_train_034.avi,0,GOOD
sweep_train_035.avi,sweep,train,data\dataset_v7_clean\train\sweep\sweep_train_035.avi,0,GOOD
sweep_train_036.avi,sweep,train,data\dataset_v7_clean\train\sweep\sweep_train_036.avi,0,GOOD
sweep_train_037.avi,sweep,train,data\dataset_v7_clean\train\sweep\sweep_train_037.avi,0,GOOD
sweep_train_038.avi,sweep,train,data\dataset_v7_clean\train\sweep\sweep_train_038.avi,0,GOOD
sweep_train_039.avi,sweep,train,data\dataset_v7_clean\train\sweep\sweep_train_039.avi,0,GOOD
sweep_train_040.avi,sweep,train,data\dataset_v7_clean\train\sweep\sweep_train_040.avi,0,GOOD
sweep_train_041.avi,sweep,train,data\dataset_v7_clean\train\sweep\sweep_train_041.avi,0,GOOD
sweep_train_042.mp4,sweep,train,data\dataset_v7_clean\train\sweep\sweep_train_042.mp4,0,GOOD
sweep_train_043.avi,sweep,train,data\dataset_v7_clean\train\sweep\sweep_train_043.avi,0,GOOD
sweep_train_044.avi,sweep,train,data\dataset_v7_clean\train\sweep\sweep_train_044.avi,0,GOOD
sweep_train_045.avi,sweep,train,data\dataset_v7_clean\train\sweep\sweep_train_045.avi,0,GOOD
sweep_train_046.avi,sweep,train,data\dataset_v7_clean\train\sweep\sweep_train_046.avi,0,GOOD
sweep_train_047.avi,sweep,train,data\dataset_v7_clean\train\sweep\sweep_train_047.avi,0,GOOD
sweep_train_048.avi,sweep,train,data\dataset_v7_clean\train\sweep\sweep_train_048.avi,0,GOOD
sweep_train_049.avi,sweep,train,data\dataset_v7_clean\train\sweep\sweep_train_049.avi,0,GOOD
sweep_train_050.avi,sweep,train,data\dataset_v7_clean\train\sweep\sweep_train_050.avi,0,GOOD
sweep_train_051.avi,sweep,train,data\dataset_v7_clean\train\sweep\sweep_train_051.avi,0,GOOD
sweep_train_052.avi,sweep,train,data\dataset_v7_clean\train\sweep\sweep_train_052.avi,0,GOOD
sweep_train_053.avi,sweep,train,data\dataset_v7_clean\train\sweep\sweep_train_053.avi,0,GOOD
sweep_train_054.avi,sweep,train,data\dataset_v7_clean\train\sweep\sweep_train_054.avi,0,GOOD
sweep_train_055.avi,sweep,train,data\dataset_v7_clean\train\sweep\sweep_train_055.avi,0,GOOD
sweep_train_056.avi,sweep,train,data\dataset_v7_clean\train\sweep\sweep_train_056.avi,0,GOOD
sweep_train_057.avi,sweep,train,data\dataset_v7_clean\train\sweep\sweep_train_057.avi,0,GOOD
sweep_train_058.avi,sweep,train,data\dataset_v7_clean\train\sweep\sweep_train_058.avi,0,GOOD
sweep_train_059.mp4,sweep,train,data\dataset_v7_clean\train\sweep\sweep_train_059.mp4,0,GOOD
sweep_train_060.avi,sweep,train,data\dataset_v7_clean\train\sweep\sweep_train_060.avi,0,GOOD
sweep_train_061.avi,sweep,train,data\dataset_v7_clean\train\sweep\sweep_train_061.avi,0,GOOD
sweep_train_062.avi,sweep,train,data\dataset_v7_clean\train\sweep\sweep_train_062.avi,0,GOOD
sweep_train_063.avi,sweep,train,data\dataset_v7_clean\train\sweep\sweep_train_063.avi,0,GOOD
sweep_train_064.avi,sweep,train,data\dataset_v7_clean\train\sweep\sweep_train_064.avi,0,GOOD
sweep_train_065.avi,sweep,train,data\dataset_v7_clean\train\sweep\sweep_train_065.avi,0,GOOD
sweep_train_066.avi,sweep,train,data\dataset_v7_clean\train\sweep\sweep_train_066.avi,0,GOOD
sweep_train_067.avi,sweep,train,data\dataset_v7_clean\train\sweep\sweep_train_067.avi,0,GOOD
sweep_train_068.avi,sweep,train,data\dataset_v7_clean\train\sweep\sweep_train_068.avi,0,GOOD
sweep_train_069.avi,sweep,train,data\dataset_v7_clean\train\sweep\sweep_train_069.avi,0,GOOD
sweep_train_070.avi,sweep,train,data\dataset_v7_clean\train\sweep\sweep_train_070.avi,0,GOOD
sweep_train_071.avi,sweep,train,data\dataset_v7_clean\train\sweep\sweep_train_071.avi,0,GOOD
sweep_train_072.avi,sweep,train,data\dataset_v7_clean\train\sweep\sweep_train_072.avi,0,GOOD
sweep_train_073.avi,sweep,train,data\dataset_v7_clean\train\sweep\sweep_train_073.avi,0,GOOD
sweep_train_074.avi,sweep,train,data\dataset_v7_clean\train\sweep\sweep_train_074.avi,0,GOOD
sweep_train_075.avi,sweep,train,data\dataset_v7_clean\train\sweep\sweep_train_075.avi,0,GOOD
sweep_train_076.avi,sweep,train,data\dataset_v7_clean\train\sweep\sweep_train_076.avi,0,GOOD
sweep_train_077.avi,sweep,train,data\dataset_v7_clean\train\sweep\sweep_train_077.avi,0,GOOD
sweep_train_078.avi,sweep,train,data\dataset_v7_clean\train\sweep\sweep_train_078.avi,0,GOOD
sweep_train_079.avi,sweep,train,data\dataset_v7_clean\train\sweep\sweep_train_079.avi,0,GOOD
sweep_train_080.avi,sweep,train,data\dataset_v7_clean\train\sweep\sweep_train_080.avi,0,GOOD
sweep_train_081.avi,sweep,train,data\dataset_v7_clean\train\sweep\sweep_train_081.avi,0,GOOD
sweep_train_082.avi,sweep,train,data\dataset_v7_clean\train\sweep\sweep_train_082.avi,0,GOOD
sweep_train_083.avi,sweep,train,data\dataset_v7_clean\train\sweep\sweep_train_083.avi,0,GOOD
sweep_train_084.avi,sweep,train,data\dataset_v7_clean\train\sweep\sweep_train_084.avi,0,GOOD
sweep_train_085.avi,sweep,train,data\dataset_v7_clean\train\sweep\sweep_train_085.avi,0,GOOD
sweep_train_086.avi,sweep,train,data\dataset_v7_clean\train\sweep\sweep_train_086.avi,0,GOOD
sweep_train_087.avi,sweep,train,data\dataset_v7_clean\train\sweep\sweep_train_087.avi,0,GOOD
sweep_train_088.avi,sweep,train,data\dataset_v7_clean\train\sweep\sweep_train_088.avi,0,GOOD
sweep_train_089.mp4,sweep,train,data\dataset_v7_clean\train\sweep\sweep_train_089.mp4,0,GOOD
sweep_train_090.avi,sweep,train,data\dataset_v7_clean\train\sweep\sweep_train_090.avi,0,GOOD
sweep_train_091.avi,sweep,train,data\dataset_v7_clean\train\sweep\sweep_train_091.avi,0,GOOD
sweep_train_092.avi,sweep,train,data\dataset_v7_clean\train\sweep\sweep_train_092.avi,0,GOOD
sweep_train_093.avi,sweep,train,data\dataset_v7_clean\train\sweep\sweep_train_093.avi,0,GOOD
sweep_train_094.avi,sweep,train,data\dataset_v7_clean\train\sweep\sweep_train_094.avi,0,GOOD
sweep_train_095.avi,sweep,train,data\dataset_v7_clean\train\sweep\sweep_train_095.avi,0,GOOD
sweep_train_096.avi,sweep,train,data\dataset_v7_clean\train\sweep\sweep_train_096.avi,0,GOOD
sweep_train_097.avi,sweep,train,data\dataset_v7_clean\train\sweep\sweep_train_097.avi,0,GOOD
sweep_train_098.avi,sweep,train,data\dataset_v7_clean\train\sweep\sweep_train_098.avi,0,GOOD
sweep_train_099.avi,sweep,train,data\dataset_v7_clean\train\sweep\sweep_train_099.avi,0,GOOD
sweep_train_100.avi,sweep,train,data\dataset_v7_clean\train\sweep\sweep_train_100.avi,0,GOOD
sweep_train_101.avi,sweep,train,data\dataset_v7_clean\train\sweep\sweep_train_101.avi,0,GOOD
sweep_train_102.avi,sweep,train,data\dataset_v7_clean\train\sweep\sweep_train_102.avi,0,GOOD
sweep_train_103.avi,sweep,train,data\dataset_v7_clean\train\sweep\sweep_train_103.avi,0,GOOD
sweep_train_104.avi,sweep,train,data\dataset_v7_clean\train\sweep\sweep_train_104.avi,0,GOOD
sweep_train_105.avi,sweep,train,data\dataset_v7_clean\train\sweep\sweep_train_105.avi,0,GOOD
sweep_train_106.avi,sweep,train,data\dataset_v7_clean\train\sweep\sweep_train_106.avi,0,GOOD
sweep_train_107.mp4,sweep,train,data\dataset_v7_clean\train\sweep\sweep_train_107.mp4,0,GOOD
sweep_train_108.avi,sweep,train,data\dataset_v7_clean\train\sweep\sweep_train_108.avi,0,GOOD
sweep_train_109.avi,sweep,train,data\dataset_v7_clean\train\sweep\sweep_train_109.avi,0,GOOD
sweep_train_110.mp4,sweep,train,data\dataset_v7_clean\train\sweep\sweep_train_110.mp4,0,GOOD
sweep_train_111.avi,sweep,train,data\dataset_v7_clean\train\sweep\sweep_train_111.avi,0,GOOD
sweep_train_112.avi,sweep,train,data\dataset_v7_clean\train\sweep\sweep_train_112.avi,0,GOOD
sweep_train_113.avi,sweep,train,data\dataset_v7_clean\train\sweep\sweep_train_113.avi,0,GOOD
sweep_train_114.avi,sweep,train,data\dataset_v7_clean\train\sweep\sweep_train_114.avi,0,GOOD
sweep_train_115.avi,sweep,train,data\dataset_v7_clean\train\sweep\sweep_train_115.avi,0,GOOD
sweep_train_116.mp4,sweep,train,data\dataset_v7_clean\train\sweep\sweep_train_116.mp4,0,GOOD
sweep_train_117.avi,sweep,train,data\dataset_v7_clean\train\sweep\sweep_train_117.avi,0,GOOD
sweep_train_118.avi,sweep,train,data\dataset_v7_clean\train\sweep\sweep_train_118.avi,0,GOOD
sweep_train_119.avi,sweep,train,data\dataset_v7_clean\train\sweep\sweep_train_119.avi,0,GOOD
sweep_train_120.mp4,sweep,train,data\dataset_v7_clean\train\sweep\sweep_train_120.mp4,0,GOOD
sweep_train_121.avi,sweep,train,data\dataset_v7_clean\train\sweep\sweep_train_121.avi,0,GOOD
sweep_train_122.avi,sweep,train,data\dataset_v7_clean\train\sweep\sweep_train_122.avi,0,GOOD
sweep_train_123.avi,sweep,train,data\dataset_v7_clean\train\sweep\sweep_train_123.avi,0,GOOD
sweep_train_124.avi,sweep,train,data\dataset_v7_clean\train\sweep\sweep_train_124.avi,0,GOOD
sweep_train_125.avi,sweep,train,data\dataset_v7_clean\train\sweep\sweep_train_125.avi,0,GOOD
sweep_train_126.avi,sweep,train,data\dataset_v7_clean\train\sweep\sweep_train_126.avi,0,GOOD
sweep_train_127.avi,sweep,train,data\dataset_v7_clean\train\sweep\sweep_train_127.avi,0,GOOD
sweep_train_128.avi,sweep,train,data\dataset_v7_clean\train\sweep\sweep_train_128.avi,0,GOOD
sweep_train_129.avi,sweep,train,data\dataset_v7_clean\train\sweep\sweep_train_129.avi,0,GOOD
sweep_train_130.avi,sweep,train,data\dataset_v7_clean\train\sweep\sweep_train_130.avi,0,GOOD
sweep_train_131.avi,sweep,train,data\dataset_v7_clean\train\sweep\sweep_train_131.avi,0,GOOD
sweep_train_132.avi,sweep,train,data\dataset_v7_clean\train\sweep\sweep_train_132.avi,0,GOOD
sweep_train_133.avi,sweep,train,data\dataset_v7_clean\train\sweep\sweep_train_133.avi,0,GOOD
sweep_train_134.avi,sweep,train,data\dataset_v7_clean\train\sweep\sweep_train_134.avi,0,GOOD
sweep_train_135.avi,sweep,train,data\dataset_v7_clean\train\sweep\sweep_train_135.avi,0,GOOD
sweep_train_136.avi,sweep,train,data\dataset_v7_clean\train\sweep\sweep_train_136.avi,0,GOOD
sweep_train_137.avi,sweep,train,data\dataset_v7_clean\train\sweep\sweep_train_137.avi,0,GOOD
sweep_train_138.avi,sweep,train,data\dataset_v7_clean\train\sweep\sweep_train_138.avi,0,GOOD
sweep_train_139.mp4,sweep,train,data\dataset_v7_clean\train\sweep\sweep_train_139.mp4,0,GOOD
sweep_train_140.avi,sweep,train,data\dataset_v7_clean\train\sweep\sweep_train_140.avi,0,GOOD
sweep_val_001.avi,sweep,val,data\dataset_v7_clean\val\sweep\sweep_val_001.avi,0,GOOD
sweep_val_002.avi,sweep,val,data\dataset_v7_clean\val\sweep\sweep_val_002.avi,0,GOOD
sweep_val_003.avi,sweep,val,data\dataset_v7_clean\val\sweep\sweep_val_003.avi,0,GOOD
sweep_val_004.avi,sweep,val,data\dataset_v7_clean\val\sweep\sweep_val_004.avi,0,GOOD
sweep_val_005.avi,sweep,val,data\dataset_v7_clean\val\sweep\sweep_val_005.avi,0,GOOD
sweep_val_006.avi,sweep,val,data\dataset_v7_clean\val\sweep\sweep_val_006.avi,0,GOOD
sweep_val_007.avi,sweep,val,data\dataset_v7_clean\val\sweep\sweep_val_007.avi,0,GOOD
sweep_val_008.avi,sweep,val,data\dataset_v7_clean\val\sweep\sweep_val_008.avi,0,GOOD
sweep_val_009.avi,sweep,val,data\dataset_v7_clean\val\sweep\sweep_val_009.avi,0,GOOD
sweep_val_010.avi,sweep,val,data\dataset_v7_clean\val\sweep\sweep_val_010.avi,0,GOOD
sweep_val_011.avi,sweep,val,data\dataset_v7_clean\val\sweep\sweep_val_011.avi,0,GOOD
sweep_val_012.avi,sweep,val,data\dataset_v7_clean\val\sweep\sweep_val_012.avi,0,GOOD
sweep_val_013.avi,sweep,val,data\dataset_v7_clean\val\sweep\sweep_val_013.avi,0,GOOD
sweep_val_014.avi,sweep,val,data\dataset_v7_clean\val\sweep\sweep_val_014.avi,0,GOOD
sweep_val_015.avi,sweep,val,data\dataset_v7_clean\val\sweep\sweep_val_015.avi,0,GOOD
sweep_val_016.avi,sweep,val,data\dataset_v7_clean\val\sweep\sweep_val_016.avi,0,GOOD
sweep_val_017.avi,sweep,val,data\dataset_v7_clean\val\sweep\sweep_val_017.avi,0,GOOD
sweep_val_018.avi,sweep,val,data\dataset_v7_clean\val\sweep\sweep_val_018.avi,0,GOOD
sweep_val_019.avi,sweep,val,data\dataset_v7_clean\val\sweep\sweep_val_019.avi,0,GOOD
sweep_val_020.avi,sweep,val,data\dataset_v7_clean\val\sweep\sweep_val_020.avi,0,GOOD
sweep_val_021.avi,sweep,val,data\dataset_v7_clean\val\sweep\sweep_val_021.avi,0,GOOD
sweep_val_022.avi,sweep,val,data\dataset_v7_clean\val\sweep\sweep_val_022.avi,0,GOOD
sweep_val_023.mp4,sweep,val,data\dataset_v7_clean\val\sweep\sweep_val_023.mp4,0,GOOD
